file_name,compressed_size,decompressed_size,estimated_value,compression_type,decompression_time,estimation_time
2a107112_NAmerica_current_30arcsec_generic_set1.zip,290392819,3247858652,3247858652,8,13.843862533569336,0.0002193450927734375
10d733d1_elev_Australia_current_2.5arcmin_generic.zip,2811944,27965286,27965286,8,0.13592028617858887,0.00015091896057128906
71a631e7_Europe_current_30arcsec_generic_set3.zip,68129517,646110232,646110232,8,2.7025344371795654,0.0001957416534423828
31c80f84_Africa_holo_ccsm4_2.5arcmin_generic.zip,47088451,200540312,200540312,8,1.1071910858154297,0.000446319580078125
e152307d_SAmerica_lgm_miroc_esm_2.5arcmin_generic.zip,31396622,195638558,195638558,8,0.9132907390594482,0.0004703998565673828
41912b6c_out_files_zipped.zip,6365701,16951345,16951345,8,0.12553906440734863,0.00022268295288085938
0af6e912_NAmerica_lgm_ccsm4_10arcmin_geotiff.zip,5799137,6295829,6295829,8,0.04395461082458496,0.0001633167266845703
bd947c93_NewWorld_holo_ccsm4_2.5arcmin_generic.zip,83714720,802507954,802507954,8,3.2557997703552246,0.00046062469482421875
b534c8be_elev_Eurasia_holo_10arcmin_generic.zip,1111272,4915802,4915802,8,0.02703690528869629,0.00013685226440429688
b2d945cc_Europe_current_10arcmin_generic.zip,1556778,7806068,7806068,8,0.0466313362121582,0.00040841102600097656
4bd6c252_elev_Africa_holo_2.5arcmin_generic.zip,7115014,27660608,27660608,8,0.15306687355041504,0.0001399517059326172
c11be211_elev_Europe_lgm_10arcmin_generic.zip,293664,1095576,1095576,8,0.007180213928222656,0.00011372566223144531
4e70524a_BOTH_050_0618.zip,81989723,108120360,108120360,8,0.8685648441314697,0.0004334449768066406
bb073944_Africa_lgm_ccsm4_5arcmin_generic.zip,13153475,51832920,51832920,8,0.3045194149017334,0.0004813671112060547
c13c48a9_Pacific_holo_miroc_esm_2.5arcmin_generic.zip,120507271,930422358,930422358,8,4.043946266174316,0.000457763671875
5f21ca8e_Europe_current_5arcmin_generic.zip,5562387,31251156,31251156,8,0.161881685256958,0.0004496574401855469
fad88940_MIRT.jl-master.zip,147346,363859,363859,8,0.013844728469848633,0.0007138252258300781
e84e956b_global_holo_miroc_esm_5arcmin_generic.zip,69702002,451017514,451017514,8,2.0863239765167236,0.0004818439483642578
ee776447_Pacific_lgm_miroc_esm_5arcmin_geotiff.zip,49284905,53051984,53051984,8,0.38409423828125,0.00022125244140625
20e72860_elev_SAmerica_current_30arcsec_generic.zip,76126193,603039644,603039644,8,2.6160237789154053,0.0001571178436279297
67fda44a_SAmerica_lgm_miroc_esm_5arcmin_geotiff.zip,10808316,11820457,11820457,8,0.08336758613586426,0.00017595291137695312
867725b4_elev_Africa_lgm_2.5arcmin_geotiff.zip,9540255,10086985,10086985,8,0.06713700294494629,8.7738037109375e-05
8f474900_Europe_current_30arcsec_generic_set1.zip,109501488,861479508,861479508,8,3.6915700435638428,0.0001919269561767578
d936b55c_Pacific_holo_mpi_esm_p_10arcmin_geotiff.zip,12075217,13109377,13109377,8,0.09468245506286621,0.00018143653869628906
90e9ca3e_elev_NewWorld_current_30arcsec_generic.zip,264465051,2766365424,2766365424,8,10.222212791442871,0.0001709461212158203
8f3bdc1e_SAmerica_current_30arcsec_generic_set1.zip,129729972,1206079284,1206079284,8,5.124419689178467,0.000209808349609375
1c0564fb_Africa_lgm_mpi_esm_p_5arcmin_geotiff.zip,17364612,18189938,18189938,8,0.1294116973876953,0.0002110004425048828
adc219dc_src.cam_PIemi.zip,1153600,5262318,5262318,8,0.04539012908935547,0.0008916854858398438
2e8846c8_global_lgm_miroc_esm_10arcmin_geotiff.zip,26485093,28710365,28710365,8,0.20045781135559082,0.00024271011352539062
a303d6b5_SAmerica_lgm_miroc_esm_2.5arcmin_geotiff.zip,41270512,46647565,46647565,8,0.31702256202697754,0.00020170211791992188
f9ed0087_SAmerica_lgm_mpi_esm_p_2.5arcmin_generic.zip,31067915,195638558,195638558,8,0.9797995090484619,0.00046634674072265625
0c07506b_elev_Eurasia_current_30arcsec_generic.zip,323058841,1960760480,1960760480,8,21.30939245223999,0.00017404556274414062
3bac3cf0_Pacific_lgm_mpi_esm_p_5arcmin_generic.zip,36691809,235535932,235535932,8,1.1047329902648926,0.00047087669372558594
1bf6bc09_global_current_2.5arcmin_geotiff.zip,331398587,354086887,354086887,8,18.486238479614258,0.0004978179931640625
9eec86fa_Ready_to_use_files.zip,43202138,195917041,195917041,8,1.0556349754333496,0.0006897449493408203
29863801_CLS STXM raw data.zip,20285542,60398656,60398656,8,0.5541863441467285,0.03189897537231445
c8988a44_BCE_0618.zip,81960783,108120120,108120120,8,0.8934683799743652,0.0007185935974121094
94448985_elev_Africa_lgm_10arcmin_geotiff.zip,622191,640167,640167,8,0.0050585269927978516,0.00012874603271484375
baa4b0e6_GITM-master.zip,25694159,123611241,123611241,8,0.7845251560211182,0.0049207210540771484
f24aa420_SAmerica_holo_mpi_esm_p_2.5arcmin_generic.zip,26561685,175133528,175133528,8,0.8284962177276611,0.0006275177001953125
6d6a9df6_Africa_holo_miroc_esm_2.5arcmin_geotiff.zip,64534674,68921183,68921183,8,0.4819295406341553,0.000209808349609375
c095c981_Australia_lgm_mpi_esm_p_5arcmin_geotiff.zip,9798078,11231652,11231652,8,0.07795095443725586,0.00016951560974121094
e3e24c87_NewWorld_current_2.5arcmin_generic.zip,82814596,802507954,802507954,8,3.240389347076416,0.0004448890686035156
7b09c0c9_Pacific_lgm_ccsm4_5arcmin_generic.zip,37598222,235535932,235535932,8,1.1169443130493164,0.0004668235778808594
9849490c_Australia_current_30arcsec_generic_set3.zip,61436823,1048809568,1048809568,8,3.679145336151123,0.00021219253540039062
a4586d3e_elev_Eurasia_current_5arcmin_generic.zip,4293480,19641372,19641372,8,0.10272097587585449,0.0001354217529296875
c7b10662_SAmerica_current_2.5arcmin_geotiff.zip,35555561,40370104,40370104,8,0.27408337593078613,0.0001957416534423828
eb764c19_Australia_lgm_miroc_esm_2.5arcmin_geotiff.zip,35396374,40048682,40048682,8,0.27309393882751465,0.00019884109497070312
d7f28db6_Africa_lgm_mpi_esm_p_10arcmin_geotiff.zip,4507059,4658225,4658225,8,0.03446054458618164,0.00016164779663085938
e5bc67a6_SAmerica_holo_ccsm4_5arcmin_generic.zip,7050825,43868824,43868824,8,0.20943379402160645,0.0004379749298095703
03adf2fe_Australia_current_10arcmin_geotiff.zip,1937009,2116955,2116955,8,0.016576290130615234,0.00016617774963378906
10e5b64c_Scripts.zip,29845621,137725296,137725296,8,0.7174382209777832,0.0009670257568359375
a60145a0_global_holo_mpi_esm_p_10arcmin_generic.zip,18524357,112761440,112761440,8,0.5381596088409424,0.0004837512969970703
4de2931e_elev_Pacific_current_10arcmin_geotiff.zip,1812734,1953383,1953383,8,0.01411747932434082,9.298324584960938e-05
1a0e5ae4_NAmerica_holo_miroc_esm_5arcmin_geotiff.zip,20769361,23517962,23517962,8,0.159834623336792,0.0001857280731201172
dd35d7dc_NewWorld_holo_ccsm4_5arcmin_geotiff.zip,30222113,35493962,35493962,8,0.2384963035583496,0.0001983642578125
270606bd_SAmerica_lgm_mpi_esm_p_2.5arcmin_geotiff.zip,40975095,46360565,46360565,8,0.3134489059448242,0.00019598007202148438
5bbf86bb_Australia_holo_ccsm4_10arcmin_generic.zip,1446971,12663700,12663700,8,0.05889582633972168,0.0004222393035888672
912a2104_Eurasia_current_5arcmin_generic.zip,27838534,142400848,142400848,8,0.7175428867340088,0.00046181678771972656
e10d9398_elev_SAmerica_holo_5arcmin_geotiff.zip,1358842,1477579,1477579,8,0.010300636291503906,9.179115295410156e-05
36b89eed_NAmerica_lgm_mpi_esm_p_2.5arcmin_geotiff.zip,73028589,81968288,81968288,8,0.5532195568084717,0.0001957416534423828
221c8c48_SAmerica_lgm_ccsm4_5arcmin_geotiff.zip,10720497,11726753,11726753,8,0.08208632469177246,0.00017189979553222656
9ea49e95_Europe_current_10arcmin_geotiff.zip,1991557,2104996,2104996,8,0.016246795654296875,0.00016069412231445312
96a9848b_NAmerica_lgm_miroc_esm_10arcmin_generic.zip,3988582,29767616,29767616,8,0.13570952415466309,0.00042438507080078125
afc74330_Pacific_lgm_miroc_esm_10arcmin_geotiff.zip,13541385,14615836,14615836,8,0.10456037521362305,0.00018858909606933594
6c5db7bf_Australia_lgm_mpi_esm_p_2.5arcmin_geotiff.zip,35429553,40054054,40054054,8,0.27060508728027344,0.00020122528076171875
08c259d4_voltage_param_model.zip,66173,547391,547391,8,0.0034666061401367188,0.00012826919555664062
d0f88cb4_SAmerica_holo_ccsm4_10arcmin_geotiff.zip,2455185,2577517,2577517,8,0.019826173782348633,0.00015974044799804688
0dd9b398_Developing_Writers_Writing_Samples.zip,21159934,22201380,22201380,8,0.11313748359680176,0.0005497932434082031
96fcf036_SAmerica_current_30arcsec_generic_set4.zip,170853659,1206079280,1206079280,8,5.378924608230591,0.00021696090698242188
78863928_offshore_mask.zip,1520642,18227016,18227016,8,0.06252408027648926,0.00013256072998046875
c1a30e07_NewWorld_lgm_mpi_esm_p_2.5arcmin_geotiff.zip,114047232,130716856,130716856,8,0.8860135078430176,0.00020432472229003906
8c41531d_NewWorld_holo_ccsm4_5arcmin_generic.zip,22924655,200692504,200692504,8,0.8457815647125244,0.0004572868347167969
d3fdd317_elev_SAmerica_lgm_5arcmin_generic.zip,1177469,6754364,6754364,8,0.033748626708984375,0.00012350082397460938
d82bf328_NewWorld_current_5arcmin_geotiff.zip,30168930,35437152,35437152,8,0.2381429672241211,0.0001938343048095703
25aaf76b_elev_Australia_lgm_2.5arcmin_geotiff.zip,5136445,5715670,5715670,8,0.03847026824951172,8.654594421386719e-05
feb6c4f9_Eurasia_lgm_miroc_esm_10arcmin_generic.zip,8517189,36663816,36663816,8,0.20395112037658691,0.00043129920959472656
35464f24_Eurasia_lgm_mpi_esm_p_2.5arcmin_geotiff.zip,162405840,171312528,171312528,8,1.1745836734771729,0.0002224445343017578
04c4da43_elev_global_current_5arcmin_geotiff.zip,12805247,13640260,13640260,8,0.09220361709594727,0.00010228157043457031
9df83984_Africa_lgm_ccsm4_2.5arcmin_generic.zip,49624886,207196160,207196160,8,1.152723789215088,0.0004363059997558594
331a56b4_SAmerica_current_5arcmin_geotiff.zip,9345450,10233618,10233618,8,0.07304644584655762,0.00018072128295898438
2d4d16da_SAmerica_holo_miroc_esm_10arcmin_generic.zip,1930091,10988122,10988122,8,0.058913469314575195,0.00041794776916503906
3365a9de_Europe_current_30arcsec_geotiff_set1.zip,152767132,164076678,164076678,8,1.0862550735473633,0.0001881122589111328
5c6e45a7_elev_Australia_current_30arcsec_generic.zip,52896927,699205980,699205980,8,2.4824137687683105,0.0001480579376220703
fa8e1267_audio.zip,50769149,63816792,63816792,8,0.54376220703125,0.0001888275146484375
cebc6d29_Europe_lgm_miroc_esm_2.5arcmin_generic.zip,23841128,126849688,126849688,8,0.6512541770935059,0.00045943260192871094
f8c6828f_Pacific_lgm_miroc_esm_5arcmin_generic.zip,36396357,235535932,235535932,8,1.1020288467407227,0.0004596710205078125
69fbb08c_global_holo_mpi_esm_p_2.5arcmin_generic.zip,257776603,1804041520,1804041520,8,8.034017562866211,0.0004608631134033203
617aa386_elev_Pacific_current_10arcmin_generic.zip,1326139,8026784,8026784,8,0.04034423828125,0.00014019012451171875
432f284a_elev_NAmerica_holo_10arcmin_geotiff.zip,860701,926453,926453,8,0.006502866744995117,8.416175842285156e-05
420644c7_SAmerica_current_30arcsec_geotiff_set3.zip,133625478,148236896,148236896,8,0.9757153987884521,0.0001735687255859375
8d8b3b38_Pacific_holo_ccsm4_10arcmin_geotiff.zip,12055766,13096204,13096204,8,0.09558534622192383,0.00019788742065429688
041a477c_elev_Eurasia_lgm_10arcmin_geotiff.zip,1765839,1881459,1881459,8,0.013323307037353516,8.511543273925781e-05
218fb16a_Eurasia_holo_miroc_esm_10arcmin_generic.zip,7551249,35640464,35640464,8,0.1922144889831543,0.0004401206970214844
9d877e9e_Australia_current_30arcsec_generic_set4.zip,109611311,1398411952,1398411952,8,5.083478689193726,0.00022554397583007812
d6fb6194_elev_global_lgm_5arcmin_generic.zip,12552042,62209188,62209188,8,0.3145461082458496,0.00016260147094726562
c99111c0_Australia_holo_ccsm4_2.5arcmin_geotiff.zip,24695407,29443934,29443934,8,0.19757580757141113,0.00019121170043945312
b74896dc_global_lgm_ccsm4_5arcmin_geotiff.zip,99153356,105767706,105767706,8,0.7297217845916748,0.0002002716064453125
b7a5939f_Eurasia_current_10arcmin_generic.zip,7494900,35640464,35640464,8,0.1908862590789795,0.0004341602325439453
154eca64_Pacific_holo_mpi_esm_p_5arcmin_generic.zip,32125782,232612732,232612732,8,1.036024808883667,0.0004706382751464844
718ac49e_Africa_holo_miroc_esm_10arcmin_geotiff.zip,4336755,4488133,4488133,8,0.03365039825439453,0.00017523765563964844
73cec147_NAmerica_lgm_miroc_esm_10arcmin_geotiff.zip,5337601,5845912,5845912,8,0.041461944580078125,0.00016498565673828125
20fa8600_dbfcs_fix.zip,414520,1840177,1840177,8,0.01823735237121582,0.00049591064453125
42b1b406_elev_global_lgm_2.5arcmin_geotiff.zip,59949269,62373284,62373284,8,0.42055535316467285,0.0001785755157470703
60f333aa_SAmerica_lgm_miroc_esm_10arcmin_geotiff.zip,2854706,3023023,3023023,8,0.023036718368530273,0.00015854835510253906
4207ed2f_Europe_lgm_miroc_esm_2.5arcmin_geotiff.zip,32929198,36060001,36060001,8,0.24575257301330566,0.0001983642578125
306f2868_global_lgm_ccsm4_10arcmin_generic.zip,20782636,112761440,112761440,8,0.5613434314727783,0.0004467964172363281
cf3d9bbe_NAmerica_lgm_ccsm4_10arcmin_generic.zip,4404155,29767616,29767616,8,0.14098381996154785,0.0004544258117675781
59e6a8d7_global_current_10arcmin_geotiff.zip,23791617,26113949,26113949,8,0.1805121898651123,0.00020694732666015625
215c0885_elev_global_holo_10arcmin_generic.zip,2797515,15553178,15553178,8,0.07490205764770508,0.00012183189392089844
db2f2a4d_Eurasia_lgm_miroc_esm_2.5arcmin_geotiff.zip,159335229,168274237,168274237,8,1.149043321609497,0.0002608299255371094
e197c678_Africa_holo_miroc_esm_5arcmin_geotiff.zip,16698037,17520296,17520296,8,0.1290881633758545,0.00019693374633789062
4feee394_elev_global_current_10arcmin_generic.zip,2757777,15553178,15553178,8,0.08438563346862793,0.00015783309936523438
e7780ffc_Australia_holo_mpi_esm_p_10arcmin_geotiff.zip,1946636,2126123,2126123,8,0.018391132354736328,0.0002009868621826172
7e96cf8a_SAmerica_lgm_ccsm4_2.5arcmin_geotiff.zip,40892092,46258897,46258897,8,0.35710954666137695,0.00019979476928710938
45587541_SAmerica_lgm_mpi_esm_p_5arcmin_generic.zip,8174680,48970040,48970040,8,0.2484908103942871,0.0004413127899169922
25a78977_SAmerica_current_5arcmin_generic.zip,6996875,43868824,43868824,8,0.21080827713012695,0.0005548000335693359
d9c62e7f_elev_global_lgm_10arcmin_generic.zip,3256256,15553178,15553178,8,0.07995748519897461,0.00014829635620117188
806c60f8_MITKs.zip,257364384,258882526,258882526,8,1.070300817489624,0.00015592575073242188
d8acd67b_elev_global_lgm_2.5arcmin_generic.zip,48940402,248833188,248833188,8,1.2406764030456543,0.0001537799835205078
9b7a2b2b_SAmerica_lgm_mpi_esm_p_10arcmin_geotiff.zip,2838542,3007049,3007049,8,0.023770570755004883,0.0001628398895263672
08363ed1_SAmerica_current_30arcsec_geotiff_set4.zip,232958427,250633947,250633947,8,1.7215962409973145,0.00017309188842773438
219bfd8c_elev_Pacific_holo_10arcmin_generic.zip,1332166,8026784,8026784,8,0.03854060173034668,0.00011754035949707031
0667dfce_NAmerica_current_30arcsec_geotiff_set3.zip,202235264,228850204,228850204,8,1.4728302955627441,0.00017976760864257812
f887beea_Eurasia_lgm_miroc_esm_2.5arcmin_generic.zip,118503173,586209018,586209018,8,3.101686954498291,0.0004584789276123047
6138f5c2_Africa_current_5arcmin_generic.zip,12379802,50170060,50170060,8,0.2881355285644531,0.0004687309265136719
f2a0c1ea_Eurasia_lgm_mpi_esm_p_5arcmin_generic.zip,32544991,146626992,146626992,8,0.7832620143890381,0.000469207763671875
14b5dd1f_Europe_lgm_ccsm4_10arcmin_generic.zip,1857614,7943818,7943818,8,0.05049252510070801,0.00041365623474121094
89cefb02_BOTH_075_0928.zip,81945756,108120480,108120480,8,0.8727688789367676,0.0004436969757080078
c3addb0e_Australia_holo_miroc_esm_2.5arcmin_generic.zip,18206663,202749226,202749226,8,0.7803866863250732,0.00045371055603027344
5bf00713_NewWorld_lgm_miroc_esm_10arcmin_generic.zip,6315581,50905368,50905368,8,0.22370696067810059,0.0004527568817138672
85f7f1d7_tuning_design_forM.zip,19657370,87888600,87888600,8,0.4068758487701416,0.000308990478515625
ba93cfb9_Eurasia_current_10arcmin_geotiff.zip,10086296,10927444,10927444,8,0.07660722732543945,0.0001785755157470703
e03e5116_Pacific_current_2.5arcmin_geotiff.zip,159563844,169823867,169823867,8,1.1700785160064697,0.00022292137145996094
2b9baf6e_SAmerica_current_30arcsec_geotiff_set2.zip,200897627,218050121,218050121,8,1.4841210842132568,0.0001747608184814453
00a993cb_NAmerica_lgm_mpi_esm_p_2.5arcmin_generic.zip,53151395,478975254,478975254,8,2.008974313735962,0.0004544258117675781
d01136f4_Australia_current_5arcmin_geotiff.zip,7028382,8506993,8506993,8,0.05856180191040039,0.00018668174743652344
e9e2b7ac_NewWorld_current_10arcmin_generic.zip,6186629,50180194,50180194,8,0.21998167037963867,0.0004439353942871094
f2d84a53_elev_Pacific_holo_5arcmin_geotiff.zip,6569118,6976516,6976516,8,0.048479557037353516,9.655952453613281e-05
dc794c1d_Code.zip,227228898,280722716,280722716,8,2.5701167583465576,0.17418408393859863
b878a429_Pacific_holo_mpi_esm_p_2.5arcmin_generic.zip,118983431,930422358,930422358,8,4.104895353317261,0.0029592514038085938
db4d49c1_Europe_lgm_miroc_esm_10arcmin_geotiff.zip,2303721,2403691,2403691,8,0.019696712493896484,0.00018167495727539062
25b32b63_elev_global_current_5arcmin_generic.zip,10556494,62209188,62209188,8,0.29227232933044434,0.00014925003051757812
415889b1_Pacific_lgm_mpi_esm_p_10arcmin_geotiff.zip,13646595,14727665,14727665,8,0.10639524459838867,0.00017595291137695312
defb8797_global_lgm_ccsm4_2.5arcmin_generic.zip,290617746,1804041520,1804041520,8,8.547611474990845,0.000461578369140625
3b62ce88_elev_Pacific_lgm_10arcmin_generic.zip,1606807,8122784,8122784,8,0.04491400718688965,0.00014638900756835938
2a6d71f2_elev_NAmerica_current_2.5arcmin_geotiff.zip,12007770,13093251,13093251,8,0.0919790267944336,9.679794311523438e-05
744fda63_Africa_holo_mpi_esm_p_10arcmin_generic.zip,3375951,12535588,12535588,8,0.08061361312866211,0.00041937828063964844
5bd9910b_DeepBlueData_qj72p7142.zip,57161870,58550593,58550593,8,0.3315613269805908,0.00023031234741210938
c3028d00_Eurasia_holo_mpi_esm_p_5arcmin_generic.zip,27953422,142400848,142400848,8,0.7483365535736084,0.00044345855712890625
c5e74032_NewWorld_lgm_ccsm4_2.5arcmin_generic.zip,91769425,813944394,813944394,8,3.4193224906921387,0.0004706382751464844
b69adeab_stability.zip,203283155,1739428915,1739428915,8,7.068668365478516,0.0011129379272460938
331ebf3d_SAmerica_lgm_ccsm4_5arcmin_generic.zip,8158229,48970040,48970040,8,0.24416685104370117,0.000492095947265625
4be88721_dbfcs_new.zip,414545,1840340,1840340,8,0.0184328556060791,0.0005016326904296875
20b3a667_Africa_current_2.5arcmin_geotiff.zip,63309959,67701965,67701965,8,0.46778368949890137,0.0002186298370361328
c9003596_Eurasia_current_2.5arcmin_generic.zip,104013079,568919914,568919914,8,2.845759868621826,0.0004432201385498047
e3c43a06_Africa_lgm_miroc_esm_5arcmin_generic.zip,13372649,51832920,51832920,8,0.3032410144805908,0.0004601478576660156
967758e1_NewWorld_holo_miroc_esm_5arcmin_generic.zip,23134353,200692504,200692504,8,0.8419084548950195,0.00045752525329589844
57aae6ac_elev_SAmerica_lgm_10arcmin_geotiff.zip,402399,424625,424625,8,0.0033130645751953125,9.036064147949219e-05
04201dc3_foldhinge.zip,15548,25525,25525,8,0.0012235641479492188,0.00011730194091796875
03209551_Australia_current_2.5arcmin_geotiff.zip,24629239,29374650,29374650,8,0.2048938274383545,0.00019502639770507812
52711e94_Australia_lgm_miroc_esm_10arcmin_generic.zip,1998943,12687744,12687744,8,0.06621479988098145,0.0004112720489501953
9312a87c_global_holo_mpi_esm_p_5arcmin_geotiff.zip,87973591,94925001,94925001,8,0.6546778678894043,0.00021219253540039062
d20fccb2_NAmerica_lgm_ccsm4_2.5arcmin_geotiff.zip,80323165,89086673,89086673,8,0.60418701171875,0.0002033710479736328
fb207487_elev_NewWorld_lgm_10arcmin_generic.zip,1112965,7021306,7021306,8,0.0331113338470459,0.00011801719665527344
062b4ff0_Europe_holo_miroc_esm_2.5arcmin_geotiff.zip,28223493,31420707,31420707,8,0.21180129051208496,0.00019502639770507812
92e0bd2b_Africa_lgm_miroc_esm_10arcmin_generic.zip,3585500,12950610,12950610,8,0.08256649971008301,0.0004115104675292969
3868b3fa_Africa_holo_mpi_esm_p_2.5arcmin_generic.zip,47078196,200540312,200540312,8,1.1063315868377686,0.00046825408935546875
9871bace_NAmerica_holo_ccsm4_5arcmin_geotiff.zip,20648204,23397374,23397374,8,0.15972113609313965,0.00021147727966308594
09ba3f9c_Europe_holo_ccsm4_5arcmin_geotiff.zip,7442029,8050362,8050362,8,0.056162118911743164,0.00017523765563964844
e5a0f3b0_Australia_current_30arcsec_geotiff_set4.zip,152597776,169247825,169247825,8,1.1117405891418457,0.00017142295837402344
5fd4150f_Europe_holo_ccsm4_10arcmin_generic.zip,1567424,7806068,7806068,8,0.04760098457336426,0.0004062652587890625
e001a7b5_NAmerica_lgm_ccsm4_5arcmin_geotiff.zip,21701694,24480350,24480350,8,0.16818785667419434,0.00020503997802734375
76c2d366_elev_Eurasia_current_10arcmin_generic.zip,1109068,4915802,4915802,8,0.02652573585510254,0.00011897087097167969
94af693e_Africa_current_30arcsec_generic_set4.zip,326399069,1381906400,1381906400,8,21.51015067100525,0.00021314620971679688
e17d6325_elev_Pacific_current_2.5arcmin_generic.zip,19560839,128333994,128333994,8,0.5987253189086914,0.00015854835510253906
8fc6fb7d_Europe_holo_ccsm4_2.5arcmin_geotiff.zip,28051858,31238840,31238840,8,0.22072839736938477,0.00020003318786621094
0680f82d_Europe_lgm_ccsm4_5arcmin_geotiff.zip,8954889,9522575,9522575,8,0.07063436508178711,0.0001671314239501953
4f7c23ae_Eurasia_current_5arcmin_geotiff.zip,37447115,40303133,40303133,8,0.2921121120452881,0.00021338462829589844
c1d90633_Europe_holo_miroc_esm_10arcmin_generic.zip,1577220,7806068,7806068,8,0.04927468299865723,0.00040793418884277344
b080efff_elev_NewWorld_current_2.5arcmin_geotiff.zip,17209120,19295042,19295042,8,0.13404059410095215,0.00012874603271484375
4c32674c_NewWorld_holo_mpi_esm_p_10arcmin_generic.zip,6201517,50180194,50180194,8,0.22800993919372559,0.0005047321319580078
3bbf4760_Australia_lgm_ccsm4_2.5arcmin_generic.zip,26118854,203063992,203063992,8,0.9005770683288574,0.0004703998565673828
35464b67_elev_Europe_holo_5arcmin_geotiff.zip,1064279,1144757,1144757,8,0.008075475692749023,9.250640869140625e-05
4d16fb48_Australia_current_2.5arcmin_generic.zip,17680397,202749226,202749226,8,0.7823355197906494,0.00044918060302734375
70e65617_global_lgm_miroc_esm_5arcmin_geotiff.zip,98009034,104724897,104724897,8,0.7510817050933838,0.0002315044403076172
e2bc5762_elev_Eurasia_current_2.5arcmin_geotiff.zip,20620358,21633996,21633996,8,0.1606578826904297,0.00012993812561035156
0cb28184_elev_Pacific_lgm_5arcmin_generic.zip,6161201,32487590,32487590,8,0.17164850234985352,0.00014519691467285156
492b56b5_global_holo_ccsm4_10arcmin_generic.zip,18496460,112761440,112761440,8,0.5801115036010742,0.0004723072052001953
ed39117c_NAmerica_holo_miroc_esm_2.5arcmin_geotiff.zip,76273672,85007891,85007891,8,0.6264326572418213,0.0002200603485107422
c5b437e9_global_holo_miroc_esm_10arcmin_generic.zip,18702080,112761440,112761440,8,0.541393518447876,0.00044727325439453125
b3344263_Africa_current_2.5arcmin_generic.zip,46325981,200540312,200540312,8,1.1065051555633545,0.0004706382751464844
081927e1_SAmerica_lgm_ccsm4_10arcmin_generic.zip,2191997,12263426,12263426,8,0.06747555732727051,0.0004253387451171875
fc414fa0_BCE_1237.zip,81959522,108120240,108120240,8,0.8824663162231445,0.0004475116729736328
53aba2af_elev_Australia_holo_10arcmin_geotiff.zip,283597,308763,308763,8,0.002585887908935547,8.940696716308594e-05
857d5aef_elev_Africa_current_30arcsec_generic.zip,137525515,690953204,690953204,8,3.457136392593384,0.00014662742614746094
eb7ca8d4_bedding.zip,27426,418288,418288,8,0.0026886463165283203,0.0001220703125
88fe126c_Australia_current_30arcsec_generic_set2.zip,92561996,1223610760,1223610760,8,4.525724411010742,0.0001971721649169922
ea9b8952_Africa_lgm_miroc_esm_5arcmin_geotiff.zip,17540925,18378307,18378307,8,0.1322481632232666,0.00023293495178222656
f3c0f639_NAmerica_lgm_mpi_esm_p_10arcmin_generic.zip,4011581,29767616,29767616,8,0.13758015632629395,0.00042891502380371094
52d4df49_global_current_5arcmin_generic.zip,68465998,451017514,451017514,8,2.0869007110595703,0.0004673004150390625
fc598cff_Eurasia_current_30arcsec_generic_set3.zip,301675184,2941141320,2941141320,8,23.423757076263428,0.0002384185791015625
b4132611_SAmerica_holo_mpi_esm_p_5arcmin_geotiff.zip,9387649,10273079,10273079,8,0.12283706665039062,0.00023055076599121094
739fc3a0_cleavage.zip,4451,32135,32135,8,0.0011949539184570312,0.00013709068298339844
6ebab8db_NAmerica_current_5arcmin_geotiff.zip,20625816,23368255,23368255,8,0.1664261817932129,0.00020623207092285156
2315f300_Eurasia_lgm_mpi_esm_p_5arcmin_geotiff.zip,43401222,46429575,46429575,8,0.33469510078430176,0.0002033710479736328
d8f043d2_example_shapes.zip,175098538,596019202,596019202,8,2.915426731109619,0.0017135143280029297
6fec944b_BCE_0157.zip,82051176,108120456,108120456,8,0.8824582099914551,0.0004899501800537109
5ac5ad12_SAmerica_current_10arcmin_geotiff.zip,2447207,2570341,2570341,8,0.01996922492980957,0.0001685619354248047
daee31af_dbfs_fix.zip,414371,1840174,1840174,8,0.018189191818237305,0.0004830360412597656
487d8b58_Eurasia_holo_ccsm4_10arcmin_generic.zip,7478577,35640464,35640464,8,0.18963265419006348,0.0004665851593017578
f9a4f94c_two_neighbor_cds_segments_.zip,65353370,163037256,163037256,8,0.9242844581604004,0.002223968505859375
956e6bb8_elev_Africa_current_5arcmin_generic.zip,1807935,6919884,6919884,8,0.040616512298583984,0.00017762184143066406
4545b918_NAmerica_lgm_miroc_esm_2.5arcmin_geotiff.zip,73061200,82079419,82079419,8,0.5651004314422607,0.00023221969604492188
60ad2178_NAmerica_lgm_mpi_esm_p_5arcmin_geotiff.zip,19879810,22715773,22715773,8,0.15592241287231445,0.0002040863037109375
092ea765_NewWorld_holo_mpi_esm_p_5arcmin_generic.zip,22876210,200692504,200692504,8,0.8433444499969482,0.00046133995056152344
74447642_BCE_0928.zip,82011171,108120240,108120240,8,0.8809711933135986,0.0004355907440185547
15287e97_SSRL XAS raw data.zip,53503167,138897999,138897999,8,0.8199687004089355,0.001195669174194336
5ec566be_S'Urachi 2015 Survey Ceramic Drawings.zip,24474653,25416962,25416962,8,0.19402217864990234,0.00020694732666015625
8847d22f_Europe_lgm_miroc_esm_5arcmin_geotiff.zip,8678135,9246359,9246359,8,0.0650632381439209,0.0001659393310546875
95149bcb_SAmerica_lgm_miroc_esm_5arcmin_generic.zip,8248000,48970040,48970040,8,0.239579439163208,0.0004699230194091797
33befab3_Europe_lgm_miroc_esm_10arcmin_generic.zip,1794062,7943818,7943818,8,0.04993844032287598,0.00042629241943359375
67219ff0_elev_Eurasia_lgm_2.5arcmin_geotiff.zip,25139016,26164146,26164146,8,0.1756291389465332,0.0001437664031982422
a8f3dd06_global_lgm_mpi_esm_p_10arcmin_generic.zip,20657063,112761440,112761440,8,0.5615568161010742,0.0004532337188720703
165080da_elev_SAmerica_current_2.5arcmin_generic.zip,4028430,24156224,24156224,8,0.11804389953613281,0.0001823902130126953
42f7c5e5_BOTH_009_0027.zip,82008426,108120360,108120360,8,0.9055123329162598,0.0004317760467529297
42768861_global_lgm_mpi_esm_p_5arcmin_geotiff.zip,98580177,105234303,105234303,8,0.7719857692718506,0.00022077560424804688
9c04eb74_elev_Europe_holo_10arcmin_generic.zip,224281,1076576,1076576,8,0.00690150260925293,0.00011610984802246094
cb7a8b77_Africa_lgm_miroc_esm_2.5arcmin_geotiff.zip,67913802,72404920,72404920,8,0.5259988307952881,0.00022602081298828125
c727ce2a_Africa_current_5arcmin_geotiff.zip,16413945,17231975,17231975,8,0.12592864036560059,0.00020384788513183594
123029e3_elev_global_holo_2.5arcmin_geotiff.zip,50368065,53113195,53113195,8,0.37126731872558594,0.00017547607421875
ef45bc83_elev_Europe_lgm_2.5arcmin_generic.zip,4369480,17496384,17496384,8,0.10471725463867188,0.00012350082397460938
2948de5e_SAmerica_holo_mpi_esm_p_10arcmin_generic.zip,1906023,10988122,10988122,8,0.059795379638671875,0.00040602684020996094
9d17b772_Australia_lgm_mpi_esm_p_10arcmin_generic.zip,2008735,12687744,12687744,8,0.0659177303314209,0.00041365623474121094
7169747a_dbfs_new.zip,414395,1840337,1840337,8,0.018597841262817383,0.0004963874816894531
a5acd126_Africa_current_10arcmin_generic.zip,3348708,12535588,12535588,8,0.07912659645080566,0.00041556358337402344
1f07c2a5_elev_SAmerica_current_10arcmin_geotiff.zip,347993,363361,363361,8,0.002911090850830078,9.083747863769531e-05
a2737998_bending_vs_variation.zip,113255248,511085365,511085365,8,2.4481563568115234,0.0022344589233398438
c461012c_global_lgm_ccsm4_10arcmin_geotiff.zip,26758938,28951217,28951217,8,0.20579934120178223,0.00029158592224121094
f47e715e_SAmerica_lgm_ccsm4_2.5arcmin_generic.zip,31011427,195638558,195638558,8,0.9205765724182129,0.0004589557647705078
1fcd51d8_elev_NAmerica_current_30arcsec_geotiff.zip,225009951,238718823,238718823,8,1.6276752948760986,0.00018310546875
630e86ab_src.cam_PIall.zip,1155897,5278702,5278702,8,0.046159982681274414,0.0009233951568603516
8967822c_global_lgm_mpi_esm_p_2.5arcmin_generic.zip,287958607,1804041520,1804041520,8,14.636329650878906,0.0004999637603759766
277503e0_src.cam_PD.zip,867486,3926642,3926642,8,0.03677988052368164,0.0008234977722167969
72e99e7b_NAmerica_current_30arcsec_generic_set2.zip,255022204,2841876620,2841876620,8,10.91034746170044,0.00024437904357910156
3739bddc_SAmerica_current_30arcsec_generic_set2.zip,147759468,1055319672,1055319672,8,4.788295030593872,0.00019812583923339844
c5747e4d_elev_Africa_holo_5arcmin_generic.zip,1810157,6919884,6919884,8,0.04116368293762207,0.00012755393981933594
e9ee2b9d_Pacific_holo_mpi_esm_p_2.5arcmin_geotiff.zip,159691026,169975173,169975173,8,1.198721170425415,0.0002353191375732422
c70d0edd_NAmerica_holo_ccsm4_10arcmin_geotiff.zip,5546963,6048413,6048413,8,0.043387651443481445,0.000179290771484375
e1c04520_NewWorld_holo_miroc_esm_5arcmin_geotiff.zip,30443266,35722857,35722857,8,0.24077796936035156,0.00019788742065429688
8e454519_elev_global_current_2.5arcmin_generic.zip,40978339,248833188,248833188,8,1.1347861289978027,0.0001556873321533203
89fe6b98_Pacific_lgm_mpi_esm_p_2.5arcmin_generic.zip,135013242,941836758,941836758,8,4.297503232955933,0.0004451274871826172
59d4e31f_SAmerica_lgm_mpi_esm_p_5arcmin_geotiff.zip,10748087,11753560,11753560,8,0.08978843688964844,0.00020360946655273438
986c0749_NAmerica_current_10arcmin_generic.zip,4192518,29270846,29270846,8,0.1475386619567871,0.0005540847778320312
5146ceac_AOD_009.zip,82009478,108120000,108120000,8,0.9029057025909424,0.0004467964172363281
6d7284d2_elev_NAmerica_current_10arcmin_generic.zip,659381,4037234,4037234,8,0.01986384391784668,0.0001239776611328125
03c622c5_Australia_holo_mpi_esm_p_5arcmin_geotiff.zip,7072679,8548743,8548743,8,0.058972835540771484,0.00016355514526367188
05353ccf_elev_Eurasia_current_5arcmin_geotiff.zip,5424110,5769094,5769094,8,0.03895163536071777,8.606910705566406e-05
aed05c82_Europe_lgm_ccsm4_2.5arcmin_geotiff.zip,33998890,37110902,37110902,8,0.2534341812133789,0.0002048015594482422
6bd8aeb9_elev_NAmerica_holo_10arcmin_generic.zip,661339,4037234,4037234,8,0.01955270767211914,0.00011849403381347656
b901fb9b_SAmerica_holo_ccsm4_2.5arcmin_geotiff.zip,35709350,40515417,40515417,8,0.27701640129089355,0.0002009868621826172
c1ff17f7_Africa_holo_ccsm4_10arcmin_geotiff.zip,4295419,4446125,4446125,8,0.03328895568847656,0.0001633167266845703
9f56c7d7_Pacific_current_10arcmin_generic.zip,8763994,58195084,58195084,8,0.26993823051452637,0.0004558563232421875
8d929150_elev_NewWorld_holo_10arcmin_geotiff.zip,1236035,1368351,1368351,8,0.009609222412109375,0.00010561943054199219
94a823ee_Pacific_current_2.5arcmin_generic.zip,118392134,930422358,930422358,8,4.046576738357544,0.0004448890686035156
807720f1_Eurasia_holo_miroc_esm_2.5arcmin_generic.zip,105421526,568919914,568919914,8,2.808486223220825,0.0004680156707763672
ede61576_elev_Australia_current_5arcmin_geotiff.zip,1050647,1263487,1263487,8,0.008945226669311523,0.00010323524475097656
54a65259_Eurasia_holo_mpi_esm_p_10arcmin_generic.zip,7506971,35640464,35640464,8,0.19179844856262207,0.0004410743713378906
762e336b_elev_NewWorld_current_2.5arcmin_generic.zip,13976687,110690628,110690628,8,0.47800564765930176,0.0001876354217529297
ccbc804b_Eurasia_holo_miroc_esm_5arcmin_geotiff.zip,37613506,40482146,40482146,8,0.2824838161468506,0.0001952648162841797
b0792234_elev_Australia_lgm_5arcmin_geotiff.zip,1435268,1637975,1637975,8,0.011479854583740234,8.535385131835938e-05
bee56b7b_Eurasia_lgm_ccsm4_2.5arcmin_geotiff.zip,158642514,167510284,167510284,8,1.1821928024291992,0.0002460479736328125
8da6b3a6_NewWorld_lgm_miroc_esm_10arcmin_geotiff.zip,8291622,9289409,9289409,8,0.06630253791809082,0.0001728534698486328
5c6497ad_elev_Pacific_lgm_2.5arcmin_generic.zip,24053483,129908394,129908394,8,0.635413646697998,0.00015616416931152344
24ff0e2b_elev_global_holo_5arcmin_geotiff.zip,13010037,13821772,13821772,8,0.09953594207763672,0.00013566017150878906
6b1f6a42_elev_Australia_lgm_10arcmin_geotiff.zip,373223,395892,395892,8,0.003129720687866211,8.606910705566406e-05
36455a81_elev_SAmerica_holo_10arcmin_generic.zip,268774,1515480,1515480,8,0.008203268051147461,0.00011348724365234375
f6da0c64_SAmerica_holo_ccsm4_5arcmin_geotiff.zip,9380459,10264420,10264420,8,0.07591938972473145,0.0001842975616455078
dea8411f_elev_NewWorld_lgm_10arcmin_geotiff.zip,1441880,1571221,1571221,8,0.011044979095458984,8.606910705566406e-05
f30651f8_xco2_lat.zip,100194,204171,204171,8,0.004807710647583008,0.0002837181091308594
cb3000c7_elev_Pacific_holo_2.5arcmin_geotiff.zip,24374076,25523706,25523706,8,0.17562174797058105,0.00013947486877441406
02b3c45d_SAmerica_holo_ccsm4_10arcmin_generic.zip,1906111,10988122,10988122,8,0.05855226516723633,0.00043082237243652344
1d862d6b_elev_Africa_holo_5arcmin_geotiff.zip,2320355,2420272,2420272,8,0.016535520553588867,9.250640869140625e-05
a2251892_NewWorld_holo_mpi_esm_p_5arcmin_geotiff.zip,30209975,35478497,35478497,8,0.23876142501831055,0.00019359588623046875
5ea9b8c5_DistPlot.zip,333694227,406068522,406068522,8,16.807817220687866,0.0004961490631103516
1b1d88fb_Eurasia_holo_ccsm4_10arcmin_geotiff.zip,10034910,10878232,10878232,8,0.0870656967163086,0.00020551681518554688
50670375_global_holo_miroc_esm_2.5arcmin_geotiff.zip,335046838,357838413,357838413,8,18.33565640449524,0.000507354736328125
a471d11e_NewWorld_holo_miroc_esm_10arcmin_geotiff.zip,8193898,9181038,9181038,8,0.08020806312561035,0.0001735687255859375
e753cf9c_AOD_021.zip,82068148,108120000,108120000,8,0.9307804107666016,0.0004401206970214844
5cfd9dcf_SAmerica_holo_miroc_esm_5arcmin_generic.zip,7153498,43868824,43868824,8,0.21953344345092773,0.00046944618225097656
14dbe617_Eurasia_lgm_miroc_esm_10arcmin_geotiff.zip,11352765,12249190,12249190,8,0.09047389030456543,0.0001914501190185547
8f501394_NAmerica_lgm_miroc_esm_2.5arcmin_generic.zip,52903047,478975254,478975254,8,2.066676378250122,0.0004611015319824219
b035d6e1_voltage_param_model_001.zip,66173,547391,547391,8,0.0036034584045410156,0.00013446807861328125
f94905a8_elev_Europe_lgm_5arcmin_geotiff.zip,1438790,1505478,1505478,8,0.010646581649780273,8.511543273925781e-05
101d6652_NAmerica_holo_mpi_esm_p_10arcmin_geotiff.zip,5540945,6043569,6043569,8,0.045662879943847656,0.00016355514526367188
b905c5aa_Australia_lgm_miroc_esm_5arcmin_geotiff.zip,9781878,11218805,11218805,8,0.08411955833435059,0.00019812583923339844
14cd7d8c_global_current_5arcmin_geotiff.zip,87797646,94758945,94758945,8,0.6862521171569824,0.00020599365234375
48ea2e74_elev_Europe_current_5arcmin_geotiff.zip,1060563,1141897,1141897,8,0.008436203002929688,8.654594421386719e-05
337e2189_Africa_lgm_ccsm4_10arcmin_generic.zip,3531823,12950610,12950610,8,0.08613395690917969,0.0004074573516845703
f45c2d0f_elev_Europe_holo_2.5arcmin_geotiff.zip,4080538,4511137,4511137,8,0.0314326286315918,9.560585021972656e-05
57ccd59b_elev_Africa_current_5arcmin_geotiff.zip,2317594,2418573,2418573,8,0.01736164093017578,8.463859558105469e-05
c481f3c3_toppe-master.zip,6772695,10293931,10293931,8,0.07546377182006836,0.0015742778778076172
1bd848b7_atesa-master.zip,26544277,65348440,65348440,8,0.4261331558227539,0.0010128021240234375
6996d3e6_NAmerica_holo_mpi_esm_p_10arcmin_generic.zip,4199742,29270846,29270846,8,0.14314031600952148,0.00048041343688964844
877cf234_elev_global_lgm_5arcmin_geotiff.zip,15463354,16188953,16188953,8,0.11749625205993652,0.00014638900756835938
97c8db88_elev_Europe_current_10arcmin_geotiff.zip,279435,294193,294193,8,0.0025103092193603516,8.20159912109375e-05
7a864bde_Africa_lgm_miroc_esm_2.5arcmin_generic.zip,50480598,207196160,207196160,8,1.2038626670837402,0.0004439353942871094
2cc71bc6_Eurasia_holo_ccsm4_2.5arcmin_generic.zip,104268380,568919914,568919914,8,2.8753762245178223,0.00046634674072265625
9d79dbb3_NewWorld_holo_ccsm4_10arcmin_geotiff.zip,8145185,9126599,9126599,8,0.06772065162658691,0.00019741058349609375
d07cb162_src.cam_BA_PD.zip,678168,3047298,3047298,8,0.029782533645629883,0.0006775856018066406
a6492446_global_holo_miroc_esm_2.5arcmin_generic.zip,260765447,1804041520,1804041520,8,8.471643209457397,0.00048279762268066406
1fffafcb_NewWorld_lgm_ccsm4_5arcmin_geotiff.zip,32623638,37941310,37941310,8,0.2683064937591553,0.00021505355834960938
a59c480d_faults.zip,20447,27542,27542,8,0.001256704330444336,0.00011849403381347656
3c7a7a9c_SAmerica_holo_miroc_esm_5arcmin_geotiff.zip,9478879,10368099,10368099,8,0.07430458068847656,0.0002014636993408203
56eb7d67_NewWorld_lgm_mpi_esm_p_10arcmin_generic.zip,6318275,50905368,50905368,8,0.22283172607421875,0.00044989585876464844
1572fef0_elev_Africa_holo_10arcmin_geotiff.zip,594126,611977,611977,8,0.004627704620361328,8.988380432128906e-05
55c7712f_Australia_holo_mpi_esm_p_5arcmin_generic.zip,5017207,50749016,50749016,8,0.20639777183532715,0.00043845176696777344
416ed457_Africa_current_30arcsec_geotiff_set1.zip,331701455,346638674,346638674,8,15.285602807998657,0.00019407272338867188
d4d9872d_NewWorld_current_30arcsec_generic_set3.zip,245075987,4149548736,4149548736,8,14.88388967514038,0.0002071857452392578
1363a094_NewWorld_current_5arcmin_generic.zip,22733861,200692504,200692504,8,0.8716516494750977,0.0004432201385498047
508db871_elev_SAmerica_current_2.5arcmin_geotiff.zip,5243211,5876494,5876494,8,0.03964543342590332,0.00010156631469726562
e9d1fd2d_elev_NAmerica_current_30arcsec_generic.zip,179871329,1623929328,1623929328,8,6.310628652572632,0.00014901161193847656
58a0618a_elev_NewWorld_lgm_2.5arcmin_geotiff.zip,20651157,22684151,22684151,8,0.16398406028747559,0.0001537799835205078
eb0e8b57_BOTH_021_0157.zip,82024026,108120360,108120360,8,0.9143455028533936,0.00042939186096191406
b10a36a9_elev_SAmerica_current_5arcmin_geotiff.zip,1357244,1475987,1475987,8,0.010723590850830078,8.96453857421875e-05
692c8277_SAmerica_holo_mpi_esm_p_10arcmin_geotiff.zip,2455200,2578727,2578727,8,0.021072864532470703,0.0001590251922607422
acd30bd1_elev_global_holo_2.5arcmin_generic.zip,41635163,248833188,248833188,8,1.158440113067627,0.0001621246337890625
63046375_Pacific_holo_ccsm4_10arcmin_generic.zip,8764175,58195084,58195084,8,0.2721385955810547,0.00047326087951660156
2063a84f_Europe_holo_miroc_esm_2.5arcmin_generic.zip,20758739,124976288,124976288,8,0.615004301071167,0.0004584789276123047
44cf4071_NewWorld_holo_mpi_esm_p_2.5arcmin_generic.zip,83506420,802507954,802507954,8,3.2517127990722656,0.0004646778106689453
5d33a641_VSSA_96_AOD_050.zip,81964437,108123120,108123120,8,0.8752872943878174,0.0004451274871826172
96e4e606_Africa_holo_mpi_esm_p_5arcmin_geotiff.zip,16534702,17353527,17353527,8,0.12185955047607422,0.0002002716064453125
4af377cd_curved_triangle.zip,83239157,352575327,352575327,8,1.714224100112915,0.0021514892578125
f73b263d_elev_Pacific_current_5arcmin_geotiff.zip,6544374,6956410,6956410,8,0.05026698112487793,0.00017547607421875
96ae41b7_SAmerica_holo_miroc_esm_10arcmin_geotiff.zip,2479476,2602850,2602850,8,0.01976752281188965,0.00015807151794433594
a21a6f1f_Eurasia_lgm_ccsm4_2.5arcmin_generic.zip,118579843,586209018,586209018,8,3.058004379272461,0.00044608116149902344
4263c0bc_elev_Australia_holo_2.5arcmin_generic.zip,2840120,27965286,27965286,8,0.11186909675598145,0.000164031982421875
de7521ce_Africa_holo_miroc_esm_10arcmin_generic.zip,3421099,12535588,12535588,8,0.07873249053955078,0.00041961669921875
65a45eaa_Europe_holo_mpi_esm_p_5arcmin_geotiff.zip,7446837,8052274,8052274,8,0.05629396438598633,0.00018358230590820312
07fdd7b1_Pacific_holo_miroc_esm_10arcmin_generic.zip,8862287,58195084,58195084,8,0.2720296382904053,0.00045228004455566406
c3ba8d3d_Australia_holo_miroc_esm_5arcmin_geotiff.zip,7123226,8602293,8602293,8,0.05959439277648926,0.00017499923706054688
b168b134_NAmerica_lgm_ccsm4_5arcmin_generic.zip,16284823,119809938,119809938,8,0.5343117713928223,0.0004622936248779297
42f4dd75_elev_global_holo_10arcmin_geotiff.zip,3527997,3800636,3800636,8,0.026108503341674805,9.274482727050781e-05
b8a45162_Africa_holo_mpi_esm_p_5arcmin_generic.zip,12538748,50170060,50170060,8,0.2892758846282959,0.0004343986511230469
5e11652b_Eurasia_holo_miroc_esm_2.5arcmin_geotiff.zip,140265263,148721441,148721441,8,1.118330717086792,0.00021958351135253906
f8487631_NAmerica_current_30arcsec_generic_set3.zip,142071657,2435894592,2435894592,8,8.584233522415161,0.0002181529998779297
c7e37848_Pacific_lgm_mpi_esm_p_5arcmin_geotiff.zip,49671703,53453785,53453785,8,0.39768385887145996,0.0002040863037109375
77a4c926_Eurasia_holo_mpi_esm_p_10arcmin_geotiff.zip,10071282,10914583,10914583,8,0.07786369323730469,0.00017762184143066406
05abb3e1_Australia_lgm_ccsm4_10arcmin_geotiff.zip,2609074,2775850,2775850,8,0.02096843719482422,0.00017023086547851562
290f7ad2_NewWorld_lgm_mpi_esm_p_2.5arcmin_generic.zip,85935563,813944394,813944394,8,3.354276180267334,0.0004477500915527344
09791828_Europe_lgm_mpi_esm_p_5arcmin_generic.zip,6757895,31747056,31747056,8,0.17648839950561523,0.0004601478576660156
37ef9ca8_elev_NewWorld_lgm_5arcmin_generic.zip,4314197,28067904,28067904,8,0.12638568878173828,0.00015115737915039062
51fc6e97_elev_Europe_holo_2.5arcmin_generic.zip,3267227,17237984,17237984,8,0.0856473445892334,0.00015735626220703125
cae9eea6_Eurasia_lgm_mpi_esm_p_10arcmin_geotiff.zip,11553121,12447463,12447463,8,0.08715200424194336,0.0001659393310546875
bf903f78_Australia_lgm_mpi_esm_p_10arcmin_geotiff.zip,2614453,2780632,2780632,8,0.020988941192626953,0.00016260147094726562
ca232c98_elev_NAmerica_current_5arcmin_generic.zip,2517429,16258192,16258192,8,0.07293939590454102,0.0001201629638671875
244d11bd_elev_Europe_current_30arcsec_generic.zip,62745006,430739756,430739756,8,1.9036917686462402,0.00015807151794433594
fd671a44_elev_NewWorld_holo_2.5arcmin_geotiff.zip,17271186,19354065,19354065,8,0.13229775428771973,0.00012636184692382812
1bc7c4e0_Europe_holo_miroc_esm_5arcmin_generic.zip,5648564,31251156,31251156,8,0.16100764274597168,0.00043654441833496094
1d271f3b_Africa_holo_ccsm4_10arcmin_generic.zip,3376493,12535588,12535588,8,0.07935833930969238,0.0004279613494873047
d70c5934_global_lgm_mpi_esm_p_10arcmin_geotiff.zip,26671195,28875734,28875734,8,0.2087264060974121,0.00021076202392578125
ffb98657_elev_NAmerica_current_10arcmin_geotiff.zip,857616,924318,924318,8,0.006661653518676758,8.416175842285156e-05
c8836108_elev_SAmerica_lgm_5arcmin_geotiff.zip,1545742,1678274,1678274,8,0.011629343032836914,8.153915405273438e-05
f227dd5e_Australia_holo_miroc_esm_2.5arcmin_geotiff.zip,25045986,29808501,29808501,8,0.20888924598693848,0.00019240379333496094
bb80cfaa_elev_Eurasia_lgm_2.5arcmin_generic.zip,20262982,80856292,80856292,8,0.44393467903137207,0.00015163421630859375
a44f9484_elev_Africa_current_10arcmin_generic.zip,467448,1728924,1728924,8,0.01091456413269043,0.00011587142944335938
4734c7de_Africa_lgm_mpi_esm_p_2.5arcmin_generic.zip,49794359,207196160,207196160,8,1.2467026710510254,0.00044918060302734375
812c9571_Effect_of_FP_Length_on_DNA_Detection.zip,661828,665499,665499,8,0.003385782241821289,0.00010800361633300781
bf6a83de_lithologic_units.zip,13931,31596,31596,8,0.001257181167602539,0.00011777877807617188
c5caaeba_Europe_holo_miroc_esm_5arcmin_geotiff.zip,7486765,8096674,8096674,8,0.058320045471191406,0.00016641616821289062
006a4132_Eurasia_holo_mpi_esm_p_5arcmin_geotiff.zip,37423244,40282621,40282621,8,0.2847917079925537,0.00020551681518554688
ae18836a_Europe_holo_mpi_esm_p_10arcmin_geotiff.zip,1998444,2111627,2111627,8,0.0167386531829834,0.0001609325408935547
f7f1d05b_Pacific_lgm_ccsm4_2.5arcmin_geotiff.zip,185758385,196409965,196409965,8,1.3767545223236084,0.000232696533203125
08792bfb_proc.zip,2938735,2984606,2984606,8,0.023461103439331055,0.0003170967102050781
c775616d_Australia_holo_ccsm4_5arcmin_generic.zip,4990823,50749016,50749016,8,0.21129727363586426,0.00046944618225097656
f776e4f5_Pacific_lgm_miroc_esm_2.5arcmin_geotiff.zip,180883072,191748616,191748616,8,1.445563793182373,0.00025081634521484375
75173c56_NAmerica_holo_ccsm4_2.5arcmin_generic.zip,55574903,470995498,470995498,8,2.0308706760406494,0.00046372413635253906
8637eca9_AOD_050.zip,82040593,108120000,108120000,8,0.8940110206604004,0.0004687309265136719
96fff10a_global_lgm_miroc_esm_10arcmin_generic.zip,20497547,112761440,112761440,8,0.6429026126861572,0.0004532337188720703
19705560_SAmerica_current_10arcmin_generic.zip,1896637,10988122,10988122,8,0.061215877532958984,0.00047278404235839844
ae472b5a_elev_global_current_10arcmin_geotiff.zip,3476140,3756091,3756091,8,0.025604724884033203,9.059906005859375e-05
2a551067_Africa_holo_miroc_esm_5arcmin_generic.zip,12721842,50170060,50170060,8,0.295668363571167,0.0004525184631347656
8c234ee5_NewWorld_lgm_ccsm4_5arcmin_generic.zip,25024372,203493208,203493208,8,0.90395188331604,0.00047969818115234375
e75bdd9e_Pacific_holo_mpi_esm_p_5arcmin_geotiff.zip,43574800,47143146,47143146,8,0.3402099609375,0.0002410411834716797
28fa9f0d_elev_NAmerica_current_2.5arcmin_generic.zip,9625883,64964772,64964772,8,0.29619455337524414,0.00016260147094726562
5ec3044d_Africa_lgm_ccsm4_5arcmin_geotiff.zip,17335807,18167580,18167580,8,0.13506340980529785,0.0001938343048095703
0a248fc8_SAmerica_holo_miroc_esm_2.5arcmin_generic.zip,27008297,175133528,175133528,8,0.8249053955078125,0.0004642009735107422
dc870d10_NewWorld_holo_mpi_esm_p_10arcmin_geotiff.zip,8139685,9123164,9123164,8,0.06592631340026855,0.00018453598022460938
78cdd9e5_elev_global_holo_5arcmin_generic.zip,10713033,62209188,62209188,8,0.2990543842315674,0.00015997886657714844
6569faf3_NAmerica_holo_miroc_esm_5arcmin_generic.zip,15464647,117872796,117872796,8,0.5266199111938477,0.0004506111145019531
399c9a14_Australia_current_30arcsec_geotiff_set2.zip,127788870,143299180,143299180,8,0.962874174118042,0.00018835067749023438
03287c1a_SAmerica_lgm_mpi_esm_p_10arcmin_generic.zip,2195601,12263426,12263426,8,0.06741118431091309,0.0004181861877441406
07117571_Australia_current_30arcsec_geotiff_set1.zip,123028309,139926719,139926719,8,1.014725923538208,0.00019025802612304688
1806b0e8_Africa_holo_mpi_esm_p_2.5arcmin_geotiff.zip,63877053,68241717,68241717,8,0.5019533634185791,0.00020194053649902344
d397c7ef_elev_Europe_current_5arcmin_generic.zip,841450,4310380,4310380,8,0.023313283920288086,0.00012803077697753906
5f4bf87c_Pacific_holo_miroc_esm_10arcmin_geotiff.zip,12167429,13206302,13206302,8,0.09926557540893555,0.0001747608184814453
d22d7cef_Africa_current_30arcsec_geotiff_set3.zip,249981862,262189162,262189162,8,1.9899532794952393,0.0001838207244873047
40475eb3_Europe_current_30arcsec_generic_set2.zip,111208097,753794868,753794868,8,3.501725435256958,0.00019431114196777344
bcb40a9b_Pacific_holo_ccsm4_2.5arcmin_generic.zip,118949590,930422358,930422358,8,4.084028720855713,0.0004520416259765625
1d27e62c_AOD_075.zip,82016059,108120120,108120120,8,0.9153504371643066,0.00043320655822753906
d2433051_Europe_holo_ccsm4_2.5arcmin_generic.zip,20632193,124976288,124976288,8,0.6029179096221924,0.0004527568817138672
00c8a0c6_elev_NewWorld_holo_5arcmin_geotiff.zip,4663741,5377840,5377840,8,0.036405324935913086,9.679794311523438e-05
8ca38d09_Australia_holo_ccsm4_5arcmin_geotiff.zip,7036687,8519572,8519572,8,0.057903289794921875,0.00018095970153808594
13642956_elev_Pacific_holo_10arcmin_geotiff.zip,1819038,1958982,1958982,8,0.013966798782348633,8.606910705566406e-05
1a421168_Europe_lgm_mpi_esm_p_2.5arcmin_geotiff.zip,34005257,37104287,37104287,8,0.2621159553527832,0.00019311904907226562
c62ff337_src.cam_T1_PD.zip,678523,3050840,3050840,8,0.029185056686401367,0.0007152557373046875
d14c5d17_elev_Australia_lgm_2.5arcmin_generic.zip,3949595,28008702,28008702,8,0.12340736389160156,0.00019621849060058594
c113b50c_NAmerica_current_5arcmin_generic.zip,15234283,117872796,117872796,8,0.5152835845947266,0.00048351287841796875
f9f28a70_Dataset_folder_for_2018SW002067.zip,124603235,591331240,591331240,8,3.2435030937194824,0.001508474349975586
016bb63b_elev_NAmerica_holo_5arcmin_generic.zip,2525478,16258192,16258192,8,0.0790553092956543,0.00022649765014648438
3fc2324f_elev_NAmerica_lgm_2.5arcmin_generic.zip,11714713,66065428,66065428,8,0.313892126083374,0.00014638900756835938
b2fba052_Eurasia_lgm_ccsm4_5arcmin_geotiff.zip,42327408,45342338,45342338,8,0.3207886219024658,0.0001919269561767578
bc58007c_global_current_10arcmin_generic.zip,18460526,112761440,112761440,8,0.5444061756134033,0.0004515647888183594
c21cf943_Europe_holo_mpi_esm_p_2.5arcmin_generic.zip,20610164,124976288,124976288,8,0.6108918190002441,0.00047278404235839844
7ea54b00_Eurasia_lgm_ccsm4_10arcmin_generic.zip,8502000,36663816,36663816,8,0.20580124855041504,0.0004730224609375
3ca17eda_elev_Eurasia_holo_2.5arcmin_generic.zip,16853008,78471588,78471588,8,0.41278696060180664,0.00016736984252929688
1d620a7d_src.cam_T3_PD.zip,678169,3047297,3047297,8,0.02921128273010254,0.0006759166717529297
5efaf242_Eurasia_holo_miroc_esm_10arcmin_geotiff.zip,10119477,10964825,10964825,8,0.07893133163452148,0.00019359588623046875
5758a51e_elev_Eurasia_current_2.5arcmin_generic.zip,16812237,78471588,78471588,8,0.3984086513519287,0.0001506805419921875
a7b910e2_Europe_lgm_ccsm4_10arcmin_geotiff.zip,2376080,2477200,2477200,8,0.019687652587890625,0.00015854835510253906
6046873c_NAmerica_holo_mpi_esm_p_2.5arcmin_geotiff.zip,75716586,84410515,84410515,8,0.5943984985351562,0.00021719932556152344
00bc2600_elev_NewWorld_holo_5arcmin_generic.zip,3652538,27681600,27681600,8,0.11904597282409668,0.00013899803161621094
b31f246f_elev_Australia_current_10arcmin_generic.zip,207456,1746594,1746594,8,0.008182287216186523,0.00012636184692382812
743d16e5_Africa_holo_ccsm4_2.5arcmin_geotiff.zip,63839259,68209043,68209043,8,0.4779391288757324,0.00019478797912597656
27ac168e_Michael Mitchell GATE_4_194_0_2.zip,2242768,3555862,3555862,0,0.04983949661254883,0.0017733573913574219
e82ce87d_Australia_holo_miroc_esm_10arcmin_geotiff.zip,1958176,2137584,2137584,8,0.01676034927368164,0.0002002716064453125
7d6cdf10_elev_SAmerica_lgm_2.5arcmin_geotiff.zip,5984856,6693084,6693084,8,0.046323537826538086,0.00010418891906738281
c268c84e_Africa_holo_miroc_esm_2.5arcmin_generic.zip,47789694,200540312,200540312,8,1.1401026248931885,0.0004830360412597656
0ca3214f_NewWorld_lgm_miroc_esm_2.5arcmin_generic.zip,86035609,813944394,813944394,8,3.3751282691955566,0.0004558563232421875
b8a41ce0_elev_NAmerica_lgm_2.5arcmin_geotiff.zip,14704097,15734953,15734953,8,0.10946440696716309,0.00014448165893554688
bc906aed_DataShare.zip,5780815,54338746,54338746,8,0.284588098526001,0.003269195556640625
1077b48f_Europe_lgm_mpi_esm_p_5arcmin_geotiff.zip,8958271,9521672,9521672,8,0.06774044036865234,0.0003147125244140625
dc69cc30_Australia_current_30arcsec_generic_set1.zip,82486301,1398411956,1398411956,8,4.756424427032471,0.0001964569091796875
2a7d78d4_Europe_lgm_miroc_esm_5arcmin_generic.zip,6510200,31747056,31747056,8,0.17464709281921387,0.00044226646423339844
e7f1b249_NewWorld_current_10arcmin_geotiff.zip,8136901,9121688,9121688,8,0.06355738639831543,0.00017452239990234375
ebb9d38a_elev_Africa_lgm_10arcmin_generic.zip,490701,1786168,1786168,8,0.011080265045166016,0.00011491775512695312
4cacd57a_global_holo_ccsm4_10arcmin_geotiff.zip,23766208,26087637,26087637,8,0.18893742561340332,0.0001926422119140625
e2b33033_NAmerica_current_2.5arcmin_geotiff.zip,75609872,84303726,84303726,8,0.5729413032531738,0.00021195411682128906
568cb0ab_NAmerica_holo_mpi_esm_p_5arcmin_geotiff.zip,20630872,23375007,23375007,8,0.16713547706604004,0.0001976490020751953
3bbe92ed_SAmerica_current_30arcsec_generic_set3.zip,95966597,904560064,904560064,8,3.7907042503356934,0.00020742416381835938
9c837512_NAmerica_lgm_miroc_esm_5arcmin_generic.zip,14651872,119809938,119809938,8,0.5219521522521973,0.00048422813415527344
d06def84_Code.zip,64847,206273,206273,8,0.004149436950683594,0.00023412704467773438
5890d6f4_elev_Africa_current_30arcsec_geotiff.zip,175494826,181667660,181667660,8,1.2351102828979492,0.00016808509826660156
5875622f_NewWorld_holo_ccsm4_10arcmin_generic.zip,6206760,50180194,50180194,8,0.2236490249633789,0.00043511390686035156
f874ce3a_NAmerica_holo_mpi_esm_p_5arcmin_generic.zip,15324961,117872796,117872796,8,0.5190136432647705,0.0004947185516357422
f9e43276_src.cam_T2_PD.zip,678275,3047630,3047630,8,0.030180931091308594,0.000782012939453125
8cbe46ba_elev_SAmerica_current_30arcsec_geotiff.zip,97637856,106353038,106353038,8,0.7022507190704346,0.00019860267639160156
e4499aa7_Europe_current_2.5arcmin_geotiff.zip,27935186,31119666,31119666,8,0.2195723056793213,0.0001933574676513672
c1651817_NewWorld_holo_miroc_esm_2.5arcmin_geotiff.zip,112365424,128758562,128758562,8,0.8848052024841309,0.00021886825561523438
ebc61fa2_Europe_current_30arcsec_generic_set4.zip,139445185,861479504,861479504,8,4.054739475250244,0.00019621849060058594
e40adc6f_elev_Pacific_current_2.5arcmin_geotiff.zip,24283747,25434446,25434446,8,0.18246173858642578,0.0001671314239501953
9c74dc4b_elev_NAmerica_lgm_10arcmin_geotiff.zip,1019880,1081239,1081239,8,0.007832527160644531,8.106231689453125e-05
39a673cf_Australia_lgm_ccsm4_10arcmin_generic.zip,1999233,12687744,12687744,8,0.06634116172790527,0.0004088878631591797
3fd0d89f_NewWorld_current_2.5arcmin_geotiff.zip,111130918,127459435,127459435,8,0.8677971363067627,0.00023555755615234375
05f01094_Pacific_lgm_ccsm4_10arcmin_generic.zip,10185752,58891084,58891084,8,0.2903432846069336,0.0004639625549316406
bc919c72_elev_global_lgm_10arcmin_geotiff.zip,4150402,4390755,4390755,8,0.030492782592773438,9.274482727050781e-05
92d3ca55_elev_NAmerica_lgm_5arcmin_geotiff.zip,3916259,4263224,4263224,8,0.02853536605834961,8.225440979003906e-05
be1d8b31_Africa_lgm_ccsm4_10arcmin_geotiff.zip,4500930,4652974,4652974,8,0.03410005569458008,0.00015735626220703125
3f0a86fb_Africa_lgm_mpi_esm_p_2.5arcmin_geotiff.zip,67215670,71647533,71647533,8,0.5172395706176758,0.0002415180206298828
b3c1328c_Pacific_holo_ccsm4_5arcmin_generic.zip,32104567,232612732,232612732,8,1.0337302684783936,0.00044345855712890625
05cc2a57_NAmerica_holo_miroc_esm_10arcmin_geotiff.zip,5574259,6077716,6077716,8,0.04386305809020996,0.00018787384033203125
04d4be0c_BOTH_100_1237.zip,81981034,108120480,108120480,8,0.9005391597747803,0.0004444122314453125
c99f9482_Europe_current_2.5arcmin_generic.zip,20415798,124976288,124976288,8,0.6296525001525879,0.0004851818084716797
fa642fcb_global_holo_mpi_esm_p_5arcmin_generic.zip,68919566,451017514,451017514,8,2.099484443664551,0.0005362033843994141
2bbdbba1_NewWorld_lgm_miroc_esm_5arcmin_generic.zip,23487036,203493208,203493208,8,0.8640189170837402,0.0004725456237792969
4d305a7d_NewWorld_holo_mpi_esm_p_2.5arcmin_geotiff.zip,111395492,127740870,127740870,8,0.8645985126495361,0.00022101402282714844
f078bf46_Europe_lgm_ccsm4_5arcmin_generic.zip,6750541,31747056,31747056,8,0.17474031448364258,0.0004405975341796875
841dc0e1_SAmerica_lgm_ccsm4_10arcmin_geotiff.zip,2832138,2999782,2999782,8,0.02291083335876465,0.00019788742065429688
66ddd45c_NAmerica_lgm_miroc_esm_5arcmin_geotiff.zip,19842502,22690803,22690803,8,0.16423940658569336,0.0001983642578125
f99ef1dc_elev_Australia_current_30arcsec_geotiff.zip,66201173,74198249,74198249,8,0.497730016708374,0.00016045570373535156
92a80c17_Africa_current_30arcsec_generic_set3.zip,178704645,1036430404,1036430404,8,5.139942169189453,0.00020551681518554688
4555b08d_NAmerica_holo_ccsm4_5arcmin_generic.zip,15366341,117872796,117872796,8,0.5177667140960693,0.0004525184631347656
2cb95f29_SAmerica_current_30arcsec_geotiff_set1.zip,191493011,210201158,210201158,8,1.541778564453125,0.0002574920654296875
be98e681_Africa_lgm_ccsm4_2.5arcmin_geotiff.zip,67116248,71577644,71577644,8,0.5053362846374512,0.000209808349609375
ce2cf1b8_sample_code.zip,4884403,19320406,19320406,8,0.13784408569335938,0.0003368854522705078
bf5db292_nskT_vs_fakT.zip,83675120,431062820,431062820,8,1.965348243713379,0.0017893314361572266
ef9a7b95_elev_SAmerica_lgm_10arcmin_generic.zip,306497,1691384,1691384,8,0.009589195251464844,0.0001900196075439453
9f41c737_elev_NAmerica_lgm_5arcmin_generic.zip,3020913,16525384,16525384,8,0.08120894432067871,0.000152587890625
71c9ff8e_XRD raw data.zip,32347,117923,117923,8,0.0018377304077148438,0.00014638900756835938
eaf4d017_Pacific_holo_miroc_esm_5arcmin_generic.zip,32509783,232612732,232612732,8,1.0341973304748535,0.00047087669372558594
194b953e_NewWorld_lgm_ccsm4_2.5arcmin_geotiff.zip,121262640,137729416,137729416,8,0.9486351013183594,0.0007021427154541016
b5646ce8_SAmerica_holo_ccsm4_2.5arcmin_generic.zip,26596382,175133528,175133528,8,0.8089227676391602,0.0004425048828125
91e7b046_NAmerica_holo_miroc_esm_2.5arcmin_generic.zip,55964039,470995498,470995498,8,2.0129289627075195,0.0004889965057373047
5e99c652_Eurasia_lgm_ccsm4_5arcmin_generic.zip,31863855,146626992,146626992,8,0.7800378799438477,0.00045490264892578125
380dc33b_Europe_holo_ccsm4_10arcmin_geotiff.zip,1997433,2111123,2111123,8,0.016706466674804688,0.0001819133758544922
19a67e12_global_lgm_mpi_esm_p_5arcmin_generic.zip,77224134,451017514,451017514,8,2.1812143325805664,0.0004470348358154297
c5c7f721_elev_NAmerica_holo_2.5arcmin_geotiff.zip,12061395,13143900,13143900,8,0.08913111686706543,0.00012493133544921875
e7882dc9_elev_Africa_lgm_5arcmin_generic.zip,1899233,7149244,7149244,8,0.040348052978515625,0.00011539459228515625
0bae807c_elev_Australia_holo_10arcmin_generic.zip,209847,1746594,1746594,8,0.00800323486328125,0.00012731552124023438
cb4d44e0_elev_Europe_holo_10arcmin_geotiff.zip,279879,294696,294696,8,0.0023691654205322266,8.511543273925781e-05
efcaedb0_elev_Pacific_holo_2.5arcmin_generic.zip,19643516,128333994,128333994,8,0.5772175788879395,0.0001456737518310547
50844953_Pacific_holo_mpi_esm_p_10arcmin_generic.zip,8776106,58195084,58195084,8,0.2717623710632324,0.00045561790466308594
385e8e67_Pacific_lgm_ccsm4_10arcmin_geotiff.zip,13834524,14903145,14903145,8,0.10771322250366211,0.0001933574676513672
1b6c8b1a_global_holo_miroc_esm_10arcmin_geotiff.zip,23966619,26302469,26302469,8,0.1982111930847168,0.00019931793212890625
c9708f5d_Pacific_lgm_miroc_esm_2.5arcmin_generic.zip,133993141,941836758,941836758,8,4.306262254714966,0.0004467964172363281
f4ee7b48_Pacific_holo_miroc_esm_2.5arcmin_geotiff.zip,161163586,171472886,171472886,8,1.2319183349609375,0.00022125244140625
68a0971f_elev_Pacific_lgm_5arcmin_geotiff.zip,8047793,8443956,8443956,8,0.05920672416687012,9.775161743164062e-05
4b777126_elev_Australia_lgm_10arcmin_generic.zip,278547,1749910,1749910,8,0.008859872817993164,0.0001304149627685547
8e338838_Pacific_lgm_mpi_esm_p_2.5arcmin_geotiff.zip,181958970,192824275,192824275,8,1.440168857574463,0.00023794174194335938
13760bab_Australia_lgm_miroc_esm_5arcmin_generic.zip,7161050,50797156,50797156,8,0.23462820053100586,0.0004532337188720703
f5502ba1_Australia_lgm_miroc_esm_2.5arcmin_generic.zip,26177449,203063992,203063992,8,0.8866233825683594,0.000461578369140625
c5df0ecf_idl_files_zipped.zip,27072555,148519901,148519901,8,0.8092806339263916,0.0002574920654296875
6141fe10_Pacific_lgm_mpi_esm_p_10arcmin_generic.zip,9975955,58891084,58891084,8,0.28920793533325195,0.00046181678771972656
23743e03_elev_Eurasia_current_10arcmin_geotiff.zip,1466368,1580739,1580739,8,0.011263847351074219,9.322166442871094e-05
46c3c1c8_Africa_holo_ccsm4_5arcmin_generic.zip,12542411,50170060,50170060,8,0.2896089553833008,0.00045418739318847656
c1417069_SAmerica_current_2.5arcmin_generic.zip,26363084,175133528,175133528,8,0.7997889518737793,0.0004696846008300781
3fc1789e_global_lgm_ccsm4_5arcmin_generic.zip,77787606,451017514,451017514,8,2.1913387775421143,0.00047016143798828125
11455ce1_Eurasia_lgm_ccsm4_10arcmin_geotiff.zip,11266572,12161054,12161054,8,0.08651089668273926,0.00020766258239746094
f0d868de_BCE_0027.zip,82039647,108120120,108120120,8,0.8762879371643066,0.0004298686981201172
0ce7665b_elev_NAmerica_holo_5arcmin_geotiff.zip,3262032,3625104,3625104,8,0.024999141693115234,9.989738464355469e-05
fec572ed_elev_Europe_current_2.5arcmin_geotiff.zip,4063385,4494891,4494891,8,0.02982163429260254,0.00010371208190917969
4bb673e7_elev_Pacific_current_5arcmin_generic.zip,5041357,32084390,32084390,8,0.14679789543151855,0.00013947486877441406
9854318d_elev_Europe_current_30arcsec_geotiff.zip,77425398,82894875,82894875,8,0.5503485202789307,0.00016450881958007812
17087a7e_Datasets.zip,1903861,5048325,5048325,8,0.03992605209350586,0.00017976760864257812
3a083d00_elev_Australia_holo_5arcmin_generic.zip,756039,6999740,6999740,8,0.02865767478942871,0.00011968612670898438
e8d4a35d_Pacific_holo_ccsm4_2.5arcmin_geotiff.zip,159512675,169816826,169816826,8,1.2094120979309082,0.0002262592315673828
8fc2b79e_elev_Eurasia_holo_2.5arcmin_geotiff.zip,20673639,21679110,21679110,8,0.1494123935699463,0.00013136863708496094
240c6b64_Eurasia_lgm_mpi_esm_p_2.5arcmin_generic.zip,120924260,586209018,586209018,8,3.286525249481201,0.000453948974609375
fd2feb7a_elev_SAmerica_holo_5arcmin_generic.zip,1030608,6050748,6050748,8,0.032747507095336914,0.0002048015594482422
7e0fa38a_elev_Pacific_lgm_10arcmin_geotiff.zip,2206807,2341131,2341131,8,0.037531375885009766,0.0001971721649169922
20614b37_Eurasia_holo_ccsm4_5arcmin_generic.zip,27863591,142400848,142400848,8,0.7770719528198242,0.00045943260192871094
331431f0_elev_Europe_current_2.5arcmin_generic.zip,3252629,17237984,17237984,8,0.08618378639221191,0.00014281272888183594
6e342b79_elev_Australia_holo_5arcmin_geotiff.zip,1060311,1271785,1271785,8,0.008889198303222656,8.58306884765625e-05
31086fd3_game simulation data.zip,5306312,27502349,27502349,8,0.151947021484375,0.00024580955505371094
027754da_Eurasia_holo_miroc_esm_5arcmin_generic.zip,28160955,142400848,142400848,8,0.7253513336181641,0.00045800209045410156
865b0301_global_holo_miroc_esm_5arcmin_geotiff.zip,88627379,95620692,95620692,8,0.7244343757629395,0.0002334117889404297
bdc8e03c_Europe_lgm_mpi_esm_p_10arcmin_geotiff.zip,2377382,2477331,2477331,8,0.01967930793762207,0.0001678466796875
0e2d2081_elev_Africa_holo_2.5arcmin_geotiff.zip,9100233,9642005,9642005,8,0.07150936126708984,0.00012302398681640625
25447c4d_Eurasia_lgm_mpi_esm_p_10arcmin_generic.zip,8689474,36663816,36663816,8,0.21268749237060547,0.0004723072052001953
591658fa_Australia_lgm_ccsm4_2.5arcmin_geotiff.zip,35295470,39929707,39929707,8,0.28281092643737793,0.00021910667419433594
dea25253_Data_S1.zip,7180568,17271435,17271435,8,0.13243412971496582,0.0003573894500732422
90158bf8_elev_NAmerica_current_5arcmin_geotiff.zip,3250188,3615929,3615929,8,0.02444148063659668,9.250640869140625e-05
db71111c_elev_Australia_holo_2.5arcmin_geotiff.zip,3713919,4320075,4320075,8,0.028814315795898438,8.559226989746094e-05
35fad3e5_elev_NewWorld_current_5arcmin_geotiff.zip,4650853,5367227,5367227,8,0.03585696220397949,8.535385131835938e-05
59585f03_ummz_mammals_162676_Tadarida_images.zip,21464201,27509760,27509760,8,0.26918649673461914,0.00018024444580078125
4062b9f7_elev_Pacific_holo_5arcmin_generic.zip,5060808,32084390,32084390,8,0.14836907386779785,0.00014710426330566406
40c2e754_elev_SAmerica_current_5arcmin_generic.zip,1028972,6050748,6050748,8,0.02938246726989746,0.0001323223114013672
e26969dd_global_lgm_miroc_esm_5arcmin_generic.zip,76635534,451017514,451017514,8,2.194044828414917,0.0004520416259765625
1495ced9_global_holo_ccsm4_2.5arcmin_generic.zip,257617200,1804041520,1804041520,8,19.638591766357422,0.0004863739013671875
4d59679e_Europe_holo_mpi_esm_p_10arcmin_generic.zip,1566264,7806068,7806068,8,0.06005239486694336,0.0004596710205078125
764d2238_elev_Eurasia_lgm_5arcmin_geotiff.zip,6569275,6916511,6916511,8,0.05138826370239258,0.00011301040649414062
0d3602c3_elev_NewWorld_current_30arcsec_geotiff.zip,325642072,351545513,351545513,8,16.37813711166382,0.0002574920654296875
b3858ec2_elev_Europe_current_10arcmin_generic.zip,223934,1076576,1076576,8,0.008122920989990234,0.00012254714965820312
8399bf40_elev_SAmerica_holo_2.5arcmin_generic.zip,4035835,24156224,24156224,8,0.12517762184143066,0.00018596649169921875
9c996188_Australia_holo_mpi_esm_p_2.5arcmin_generic.zip,17911062,202749226,202749226,8,0.8481121063232422,0.0004715919494628906
86c7d02a_elev_Africa_lgm_5arcmin_geotiff.zip,2430749,2531431,2531431,8,0.019381999969482422,9.679794311523438e-05
25318854_NewWorld_lgm_ccsm4_10arcmin_generic.zip,6707250,50905368,50905368,8,0.24932312965393066,0.00048542022705078125
2df6f0ca_Africa_current_10arcmin_geotiff.zip,4270252,4420709,4420709,8,0.036277055740356445,0.00017189979553222656
495477bf_Australia_holo_ccsm4_10arcmin_geotiff.zip,1937801,2118143,2118143,8,0.017997264862060547,0.00018095970153808594
1cb4d8fe_Eurasia_holo_mpi_esm_p_2.5arcmin_geotiff.zip,139576491,148009289,148009289,8,1.0906341075897217,0.00025200843811035156
898e3232_Australia_lgm_miroc_esm_10arcmin_geotiff.zip,2611461,2777814,2777814,8,0.022664785385131836,0.00021338462829589844
b6978ae3_Africa_lgm_miroc_esm_10arcmin_geotiff.zip,4551930,4704968,4704968,8,0.03579306602478027,0.00017762184143066406
0b669f8c_elev_Africa_current_2.5arcmin_geotiff.zip,9092573,9633963,9633963,8,0.06652665138244629,9.179115295410156e-05
6037b530_Africa_lgm_mpi_esm_p_5arcmin_generic.zip,13197624,51832920,51832920,8,0.3205094337463379,0.000457763671875
dd9b8ac3_elev_NewWorld_current_10arcmin_generic.zip,949563,6921282,6921282,8,0.03356170654296875,0.00012683868408203125
62f479cf_elev_NewWorld_current_10arcmin_geotiff.zip,1233794,1366028,1366028,8,0.010203361511230469,8.487701416015625e-05
78210c31_NAmerica_lgm_mpi_esm_p_5arcmin_generic.zip,14729535,119809938,119809938,8,0.559783935546875,0.00045228004455566406
b6a19d4d_elev_global_current_2.5arcmin_geotiff.zip,49512185,52325036,52325036,8,0.38223981857299805,0.0002033710479736328
43dbe5aa_global_holo_ccsm4_5arcmin_geotiff.zip,87794681,94753386,94753386,8,0.7148952484130859,0.000232696533203125
b4acd419_dbfc.zip,409783,1827239,1827239,8,0.019245147705078125,0.00048613548278808594
61b03e81_NAmerica_holo_ccsm4_2.5arcmin_geotiff.zip,75787881,84498328,84498328,8,0.6015498638153076,0.0002415180206298828
df1114fb_StClair.zip,127201198,150350561,150350561,8,1.0711150169372559,0.0006425380706787109
0739146f_global_holo_mpi_esm_p_10arcmin_geotiff.zip,23814605,26135361,26135361,8,0.1935710906982422,0.00023317337036132812
d34511aa_EBSD.zip,252064682,997058047,997058047,8,9.353994607925415,0.0006604194641113281
53d33753_elev_Australia_current_2.5arcmin_geotiff.zip,3681715,4292624,4292624,8,0.033355712890625,0.0001220703125
844d02b3_elev_Africa_current_10arcmin_geotiff.zip,593377,611322,611322,8,0.0047495365142822266,8.273124694824219e-05
ce0cb86a_Australia_holo_miroc_esm_10arcmin_generic.zip,1465560,12663700,12663700,8,0.06909060478210449,0.0004706382751464844
10ae6b67_elev_Europe_lgm_10arcmin_geotiff.zip,371948,383686,383686,8,0.0034902095794677734,0.00012421607971191406
428c78f9_SAmerica_holo_mpi_esm_p_2.5arcmin_geotiff.zip,35727072,40539703,40539703,8,0.32539868354797363,0.0002617835998535156
cae54c04_elev_SAmerica_lgm_2.5arcmin_generic.zip,4640720,26984504,26984504,8,0.15052437782287598,0.00017261505126953125
c1161dca_NAmerica_holo_miroc_esm_10arcmin_generic.zip,4229699,29270846,29270846,8,0.16145896911621094,0.0005402565002441406
6a2b443a_Australia_lgm_mpi_esm_p_5arcmin_generic.zip,7191260,50797156,50797156,8,0.2573056221008301,0.0004742145538330078
a4948fa9_Europe_holo_mpi_esm_p_5arcmin_generic.zip,5608741,31251156,31251156,8,0.16890263557434082,0.0004749298095703125
c9f67f2a_elev_Pacific_lgm_2.5arcmin_geotiff.zip,30149248,31246506,31246506,8,0.22445106506347656,0.00018906593322753906
c60f889c_elev_SAmerica_holo_2.5arcmin_geotiff.zip,5253799,5885549,5885549,8,0.04359245300292969,8.535385131835938e-05
83b4999d_NAmerica_current_10arcmin_geotiff.zip,5546476,6048792,6048792,8,0.04593205451965332,0.00016117095947265625
638d268c_SAmerica_lgm_miroc_esm_10arcmin_generic.zip,2213433,12263426,12263426,8,0.07158660888671875,0.00042176246643066406
88d7b711_NewWorld_lgm_mpi_esm_p_5arcmin_generic.zip,23480421,203493208,203493208,8,0.9079627990722656,0.0004878044128417969
db270c81_Africa_holo_ccsm4_5arcmin_geotiff.zip,16523605,17344674,17344674,8,0.12964344024658203,0.00024580955505371094
82ae7fc0_elev_Europe_holo_5arcmin_generic.zip,843655,4310380,4310380,8,0.02317643165588379,0.00012636184692382812
933759fd_Europe_current_5arcmin_geotiff.zip,7416800,8022767,8022767,8,0.05934619903564453,0.00018215179443359375
c394cdf8_elev_NewWorld_lgm_2.5arcmin_generic.zip,16728806,112268068,112268068,8,0.5400369167327881,0.00018215179443359375
de7033cf_global_holo_mpi_esm_p_2.5arcmin_geotiff.zip,332410275,355097679,355097679,8,18.663440465927124,0.000339508056640625
0311737d_global_lgm_miroc_esm_2.5arcmin_generic.zip,285764624,1804041520,1804041520,8,20.685882806777954,0.0004951953887939453
0767be6c_Eurasia_current_2.5arcmin_geotiff.zip,139493322,147900777,147900777,8,1.1044719219207764,0.0002498626708984375
b16faa12_Australia_current_5arcmin_generic.zip,4960239,50749016,50749016,8,0.2289731502532959,0.0005104541778564453
c52480e2_Australia_holo_ccsm4_2.5arcmin_generic.zip,17816505,202749226,202749226,8,0.8488903045654297,0.0005068778991699219
ea8762e9_BinRushed.zip,296801878,381327096,381327096,8,17.094430685043335,0.011350154876708984
5f55e8ba_Africa_current_30arcsec_generic_set2.zip,247863042,1209168402,1209168402,8,6.542345285415649,0.0006384849548339844
6abf5a92_NewWorld_holo_miroc_esm_2.5arcmin_generic.zip,84529555,802507954,802507954,8,3.7054996490478516,0.0004951953887939453
b39758fb_elev_Europe_lgm_5arcmin_generic.zip,1118802,4378780,4378780,8,0.030791282653808594,0.0001533031463623047
ba3c0083_Evans_Old_Field_Plant_Database.zip,4808973,4807669,4807669,0,0.01309823989868164,0.00013184547424316406
37e3903c_global_holo_ccsm4_2.5arcmin_geotiff.zip,331844959,354508307,354508307,8,16.72684073448181,0.0008988380432128906
bf36db3b_NAmerica_lgm_ccsm4_2.5arcmin_generic.zip,59030402,478975254,478975254,8,2.3431005477905273,0.0004990100860595703
e10410a5_Pacific_current_5arcmin_generic.zip,32000814,232612732,232612732,8,1.0934512615203857,0.0005471706390380859
56bb3af6_Europe_holo_ccsm4_5arcmin_generic.zip,5613929,31251156,31251156,8,0.16992545127868652,0.0004832744598388672
8625ead6_Eurasia_holo_ccsm4_2.5arcmin_geotiff.zip,139001758,147437949,147437949,8,1.0396170616149902,0.0002346038818359375
2fd7c9a7_NewWorld_holo_miroc_esm_10arcmin_generic.zip,6257838,50180194,50180194,8,0.23851776123046875,0.0004949569702148438
7224a008_AOD_100.zip,81949472,108120120,108120120,8,0.9880435466766357,0.0004954338073730469
6d30fa35_Australia_holo_miroc_esm_5arcmin_generic.zip,5087391,50749016,50749016,8,0.2170860767364502,0.0004825592041015625
c03dd314_Europe_lgm_ccsm4_2.5arcmin_generic.zip,24775053,126849688,126849688,8,0.7068336009979248,0.0004761219024658203
3eeedf34_elev_Africa_holo_10arcmin_generic.zip,468260,1728924,1728924,8,0.01200103759765625,0.000125885009765625
a50bf772_Pacific_lgm_ccsm4_5arcmin_geotiff.zip,50477604,54195416,54195416,8,0.4156982898712158,0.00021338462829589844
c3d59d8f_Eurasia_lgm_miroc_esm_5arcmin_geotiff.zip,42611518,45643967,45643967,8,0.3361058235168457,0.00021338462829589844
dfac346b_Pacific_holo_ccsm4_5arcmin_geotiff.zip,43518309,47097698,47097698,8,0.3624436855316162,0.000225067138671875
d2e9ca2f_arrows_folding.zip,56861698,371148214,371148214,8,1.608372449874878,0.0009484291076660156
b0c3a3fd_elev_NAmerica_lgm_10arcmin_generic.zip,780881,4105754,4105754,8,0.022065401077270508,0.0001583099365234375
ea8b8abe_Australia_holo_mpi_esm_p_10arcmin_generic.zip,1455893,12663700,12663700,8,0.06204342842102051,0.0004642009735107422
1a7969ec_George-Reserve-Plants-Database-description.zip,477151,474753,474753,0,0.002454042434692383,0.0001456737518310547
d68ddc05_MagnetometerData.zip,271045882,810579380,810579380,8,16.4468674659729,0.0023076534271240234
bbb18ded_Europe_holo_miroc_esm_10arcmin_geotiff.zip,2008702,2122722,2122722,8,0.020824670791625977,0.0002620220184326172
a8dd0f62_elev_Eurasia_holo_5arcmin_generic.zip,4301856,19641372,19641372,8,0.12312555313110352,0.00018334388732910156
9b7455ac_NAmerica_current_2.5arcmin_generic.zip,54923018,470995498,470995498,8,2.08417010307312,0.0004787445068359375
62f2d505_Australia_lgm_mpi_esm_p_2.5arcmin_generic.zip,26243151,203063992,203063992,8,0.9518139362335205,0.0004799365997314453
d6f9d8d2_Australia_current_30arcsec_geotiff_set3.zip,87324648,101266659,101266659,8,0.8061268329620361,0.00019598007202148438
c43731e6_VSSA_90_AOD_050.zip,81986431,108123720,108123720,8,0.932302713394165,0.0004265308380126953
7e171a13_NewWorld_lgm_miroc_esm_5arcmin_geotiff.zip,30849705,36245021,36245021,8,0.2525906562805176,0.00021147727966308594
18698f2a_Eurasia_holo_ccsm4_5arcmin_geotiff.zip,37277275,40135453,40135453,8,0.28715014457702637,0.00019979476928710938
c79a0be2_elev_Europe_lgm_2.5arcmin_geotiff.zip,5597572,5974501,5974501,8,0.041530609130859375,8.940696716308594e-05
77f52267_elev_Eurasia_lgm_5arcmin_generic.zip,5155219,20224288,20224288,8,0.11336350440979004,0.000125885009765625
d066f6b0_NAmerica_lgm_mpi_esm_p_10arcmin_geotiff.zip,5352141,5851960,5851960,8,0.043047189712524414,0.00017976760864257812
c67f835e_Europe_current_30arcsec_geotiff_set4.zip,184199414,196000634,196000634,8,1.3478643894195557,0.0001742839813232422
cc4afe00_NewWorld_holo_ccsm4_2.5arcmin_geotiff.zip,111458917,127803332,127803332,8,0.9381194114685059,0.00024390220642089844
7725b14f_Eurasia_holo_mpi_esm_p_2.5arcmin_generic.zip,104582475,568919914,568919914,8,2.8992369174957275,0.0005044937133789062
52383794_NewWorld_lgm_ccsm4_10arcmin_geotiff.zip,8730251,9716311,9716311,8,0.07302379608154297,0.00023317337036132812
70a80afe_Africa_lgm_mpi_esm_p_10arcmin_generic.zip,3543932,12950610,12950610,8,0.08434176445007324,0.0004622936248779297
84a5c283_SAmerica_holo_miroc_esm_2.5arcmin_geotiff.zip,36126595,40944254,40944254,8,0.28843140602111816,0.0002162456512451172
f6419b3c_Pacific_current_5arcmin_geotiff.zip,43559398,47134259,47134259,8,0.34161925315856934,0.00020360946655273438
7b9ed6b3_elev_NewWorld_lgm_5arcmin_geotiff.zip,5512280,6208011,6208011,8,0.043180227279663086,8.940696716308594e-05
64a0c14a_Europe_lgm_mpi_esm_p_10arcmin_generic.zip,1860042,7943818,7943818,8,0.05148935317993164,0.0004353523254394531
513ca8d7_global_current_2.5arcmin_generic.zip,255800882,1804041520,1804041520,8,20.061588287353516,0.0010533332824707031
7d579986_elev_Eurasia_holo_10arcmin_geotiff.zip,1469121,1582872,1582872,8,0.027332544326782227,0.0002200603485107422
fc028f49_elev_Africa_current_2.5arcmin_generic.zip,7106481,27660608,27660608,8,0.20008158683776855,0.0001430511474609375
09249541_CONTROL.zip,82023291,108120000,108120000,8,0.9310541152954102,0.00042319297790527344
f111d2c8_elev_NAmerica_holo_2.5arcmin_generic.zip,9669229,64964772,64964772,8,0.3017146587371826,0.000171661376953125
d106ce6f_Australia_lgm_ccsm4_5arcmin_geotiff.zip,9768753,11205106,11205106,8,0.08307671546936035,0.00019884109497070312
22c0852f_NewWorld_lgm_miroc_esm_2.5arcmin_geotiff.zip,114383363,131126614,131126614,8,0.950918436050415,0.00020837783813476562
37b68a8d_elev_Australia_current_5arcmin_generic.zip,747566,6999740,6999740,8,0.02919459342956543,0.00012159347534179688
73eea82a_elev_Australia_lgm_5arcmin_generic.zip,1031161,7006380,7006380,8,0.03218984603881836,0.00011920928955078125
750997b9_Australia_lgm_ccsm4_5arcmin_generic.zip,7156626,50797156,50797156,8,0.2384951114654541,0.0004761219024658203
4b0bfd9e_Europe_current_30arcsec_geotiff_set3.zip,95447053,104192163,104192163,8,0.7195289134979248,0.0001823902130126953
80932923_SAmerica_holo_mpi_esm_p_5arcmin_generic.zip,7044805,43868824,43868824,8,0.21479487419128418,0.0004851818084716797
46d9c017_Europe_holo_mpi_esm_p_2.5arcmin_geotiff.zip,28056998,31242048,31242048,8,0.22022747993469238,0.0002262592315673828
7106c1a7_Pacific_current_10arcmin_geotiff.zip,12075926,13113427,13113427,8,0.09702396392822266,0.00019931793212890625
d64b78a2_elev_NewWorld_holo_10arcmin_generic.zip,951812,6921282,6921282,8,0.03079843521118164,0.00012063980102539062
16c67b23_elev_Australia_current_10arcmin_geotiff.zip,280293,305899,305899,8,0.0024547576904296875,8.58306884765625e-05
78e948bd_Pacific_holo_miroc_esm_5arcmin_geotiff.zip,43949186,47535656,47535656,8,0.3610212802886963,0.00019598007202148438
89c2bbe5_elev_Eurasia_holo_5arcmin_geotiff.zip,5434519,5778429,5778429,8,0.04051709175109863,9.036064147949219e-05
f52807c9_elev_NewWorld_holo_2.5arcmin_generic.zip,14027677,110690628,110690628,8,0.47300219535827637,0.0001480579376220703
89af3e7d_elev_SAmerica_current_10arcmin_generic.zip,269099,1515480,1515480,8,0.00834345817565918,0.00012111663818359375
77f006aa_Pacific_lgm_ccsm4_2.5arcmin_generic.zip,138650366,941836758,941836758,8,4.477663993835449,0.0004761219024658203
198dc50e_Europe_current_30arcsec_geotiff_set2.zip,148490654,159114779,159114779,8,1.1144025325775146,0.00018477439880371094
601e54dd_NewWorld_lgm_mpi_esm_p_5arcmin_geotiff.zip,30825944,36202290,36202290,8,0.2504549026489258,0.0001976490020751953
82b2326d_Europe_lgm_mpi_esm_p_2.5arcmin_generic.zip,24749480,126849688,126849688,8,0.6800565719604492,0.0004513263702392578
dd65f742_elev_NewWorld_current_5arcmin_generic.zip,3643238,27681600,27681600,8,0.12467789649963379,0.00015735626220703125
33b5a341_Africa_current_30arcsec_generic_set1.zip,226911913,1381906404,1381906404,8,6.5926244258880615,0.00020623207092285156
f3cd4a54_Africa_holo_mpi_esm_p_10arcmin_geotiff.zip,4297158,4447506,4447506,8,0.03514385223388672,0.0001773834228515625
4f7c765c_elev_SAmerica_holo_10arcmin_geotiff.zip,347998,363628,363628,8,0.002987384796142578,8.58306884765625e-05
81776603_elev_Eurasia_lgm_10arcmin_generic.zip,1327221,5056954,5056954,8,0.032042503356933594,0.00011920928955078125
7ec2f280_Pacific_lgm_miroc_esm_10arcmin_generic.zip,9884845,58891084,58891084,8,0.30525875091552734,0.0004546642303466797
9ccb2042_elev_Africa_lgm_2.5arcmin_generic.zip,7466757,28578656,28578656,8,0.17408013343811035,0.00016379356384277344
58ab2dab_Pacific_current_30arcsec_generic_set3.zip,334341837,4810466412,4810466412,8,29.77034568786621,0.00022220611572265625
9928c168_Australia_holo_mpi_esm_p_2.5arcmin_geotiff.zip,24825107,29555710,29555710,8,0.21631550788879395,0.0002052783966064453
24deb38c_NAmerica_holo_mpi_esm_p_2.5arcmin_generic.zip,55402518,470995498,470995498,8,2.1073858737945557,0.0004780292510986328
78e165cd_global_holo_ccsm4_5arcmin_generic.zip,68865159,451017514,451017514,8,2.133788585662842,0.0004913806915283203
7aecc1c3_Australia_current_10arcmin_generic.zip,1443912,12663700,12663700,8,0.060828447341918945,0.00045037269592285156
629919d5_NewWorld_lgm_mpi_esm_p_10arcmin_geotiff.zip,8288478,9279048,9279048,8,0.06685137748718262,0.00018024444580078125
8c1eae5d_NAmerica_holo_ccsm4_10arcmin_generic.zip,4203383,29270846,29270846,8,0.13991475105285645,0.0004215240478515625
f95fd32e_Eurasia_lgm_miroc_esm_5arcmin_generic.zip,31889160,146626992,146626992,8,0.7948200702667236,0.00045418739318847656
089e3257_NewWorld_current_30arcsec_geotiff_set1.zip,624672308,678299351,678299351,8,5.016343355178833,0.00020837783813476562
f4e121f7_NAmerica_current_30arcsec_geotiff_set2.zip,369612645,397085681,397085681,8,2.933227300643921,0.00019121170043945312
0f2bf385_Figure6_roughfz0.5W2L4alpha0.5_Lnuc0.6.zip,490839191,1734279123,1734279123,8,9.066510438919067,0.00043487548828125
e2d8bfba_Figure4_fz0.5L4_Lnuc0.6.zip,484537257,1706764791,1706764791,8,8.175474882125854,0.0002906322479248047
a1086e6f_Pacific_current_30arcsec_generic_set2.zip,610354706,5612210408,5612210408,8,24.79822087287903,0.00023794174194335938
fc2a51e0_Pacific_current_30arcsec_geotiff_set3.zip,459616617,493834606,493834606,8,3.452439308166504,0.00019931793212890625
956c673b_Eurasia_current_30arcsec_geotiff_set2.zip,744868142,771482565,771482565,8,5.172171354293823,0.0006608963012695312
8917ab21_NewWorld_current_30arcsec_geotiff_set2.zip,574387469,626194785,626194785,8,4.41299843788147,0.00016880035400390625
415e1d87_DeepBlueData_02870v87z.zip,771879359,771659617,771659617,8,21.853379726409912,0.0001876354217529297
1ea4a070_runG29_steady.zip,462881689,577772968,577772968,8,4.486739873886108,0.00016951560974121094
d872ee58_Pacific_current_30arcsec_generic_set1.zip,625760978,6413954404,6413954404,8,27.125112056732178,0.0007340908050537109
081c6f5c_elev_global_current_30arcsec_generic.zip,765681794,6220801204,6220801204,8,46.23868274688721,0.00017547607421875
5b226bf5_Eurasia_current_30arcsec_generic_set2.zip,546290581,3431331136,3431331136,8,16.43084716796875,0.0002338886260986328
d0f9ec26_NAmerica_current_30arcsec_geotiff_set4.zip,535184443,564155825,564155825,8,3.8829476833343506,0.00017523765563964844
21665023_P21Veh.zip,716203491,1807263389,1807263389,8,24.31853437423706,0.0002925395965576172
5b72a582_elev_Pacific_current_30arcsec_generic.zip,371816493,3206977202,3206977202,8,13.302845001220703,0.00016808509826660156
b2eb7605_pet_spect_ct_contour.zip,338166899,1067446882,1067446882,8,7.352173328399658,0.011545658111572266
8e4b9969_P21PNA.zip,568098530,1623620136,1623620136,8,10.751448154449463,0.0008175373077392578
046227a1_Pacific_current_30arcsec_geotiff_set1.zip,895930021,922894930,922894930,8,29.388437032699585,0.0003063678741455078
c009c985_NewWorld_current_30arcsec_generic_set2.zip,413145453,4841139788,4841139788,8,19.348323822021484,0.00025010108947753906
dcc94546_runG28_steady.zip,474308738,605554678,605554678,8,4.686421632766724,0.00020456314086914062
95b94e94_runG2_steady.zip,487946068,635996256,635996256,8,4.740778207778931,0.00017189979553222656
1b8c1c43_Eurasia_current_30arcsec_geotiff_set1.zip,780250131,806968720,806968720,8,32.78650784492493,0.0011103153228759766
d57e11f4_NAmerica_current_30arcsec_generic_set4.zip,376537620,3247858648,3247858648,8,13.833905696868896,0.00020003318786621094
5a29162c_runG7_steady.zip,503325876,671427752,671427752,8,5.340104818344116,0.00018930435180664062
06f6700a_Figure3_homo_Lnuc1.0.zip,471881473,1654080729,1654080729,8,8.140241146087646,0.0002751350402832031
90efc37e_Eurasia_current_30arcsec_generic_set1.zip,553828840,3921520956,3921520956,8,17.687647342681885,0.00021982192993164062
da0dad2e_Figure4_fz0.5L5_Lnuc0.6.zip,469342266,1734281136,1734281136,8,8.399076700210571,0.0003020763397216797
8881d563_elev_Pacific_current_30arcsec_geotiff.zip,461455244,474456941,474456941,8,3.3500897884368896,0.00018334388732910156
eb172f8e_Figure8_fz0.5W1L6_Lnuc0.4_tau0.52.zip,481414908,1734281548,1734281548,8,8.19442892074585,0.0003027915954589844
e6f9f487_runG1_steady.zip,544915758,762186931,762186931,8,5.4398534297943115,0.00020074844360351562
95225096_Eurasia_current_30arcsec_geotiff_set3.zip,417180455,442410950,442410950,8,2.9303107261657715,0.0002148151397705078
a6e9cf0a_BlueDeep.zip,780777063,1582191656,1582191656,8,34.286720752716064,0.05134463310241699
4db078b3_NewWorld_current_30arcsec_generic_set1.zip,431375841,5532730844,5532730844,8,21.116163969039917,0.0014934539794921875
55c63619_Eurasia_current_30arcsec_generic_set4.zip,733694864,3921520952,3921520952,8,40.929391622543335,0.0002727508544921875
da96ec5d_global_lgm_miroc_esm_2.5arcmin_geotiff.zip,370812696,392212031,392212031,8,2.7856814861297607,0.00024056434631347656
2a799b41_Africa_current_30arcsec_geotiff_set2.zip,349705960,363944792,363944792,8,2.5264410972595215,0.00018668174743652344
5a011fc8_Figure8_fz0.5W1L6_Lnuc0.4_tau0.55L6.375_y.zip,482187954,1734281563,1734281563,8,8.132591724395752,0.0002815723419189453
eaee3452_global_current_30arcsec_generic_set3.zip,762039276,9331202404,9331202404,8,63.62445378303528,0.0002741813659667969
6feb3828_global_lgm_ccsm4_2.5arcmin_geotiff.zip,375738000,396911168,396911168,8,2.866684675216675,0.00024771690368652344
391217e2_NewWorld_current_30arcsec_geotiff_set4.zip,772892607,826869568,826869568,8,30.950873374938965,0.00018477439880371094
899f53de_Figure6_roughfz0.5W2L4alpha0.2_Lnuc0.6.zip,474944481,1734279142,1734279142,8,8.52037239074707,0.00031685829162597656
2d1fdd89_Pacific_current_30arcsec_generic_set4.zip,810564350,6413954404,6413954404,8,49.449925661087036,0.0007431507110595703
384e0fa0_Africa_current_30arcsec_geotiff_set4.zip,440257407,454622151,454622151,8,3.2114479541778564,0.00021076202392578125
89eb551c_elev_Eurasia_current_30arcsec_geotiff.zip,402945088,415869815,415869815,8,2.857271194458008,0.00015544891357421875
cb98f9ed_NAmerica_current_30arcsec_geotiff_set1.zip,428197437,455912194,455912194,8,3.094653606414795,0.0001919269561767578
0060a953_NewWorld_current_30arcsec_generic_set4.zip,557690241,5532730840,5532730840,8,39.176602602005005,0.00024509429931640625
9602dc9d_AdultVeh.zip,615354980,1544051915,1544051915,8,28.055172443389893,0.0003910064697265625
9f802d8a_Pacific_current_30arcsec_geotiff_set2.zip,841209130,872752751,872752751,8,28.27632999420166,0.00028824806213378906
1bfcd716_NewWorld_current_30arcsec_geotiff_set3.zip,339631903,388459001,388459001,8,2.6495792865753174,0.00016617774963378906
96e3fd59_AdultPNA.zip,478910241,1220850048,1220850048,8,8.659194231033325,0.0002453327178955078
eeb055ae_global_lgm_mpi_esm_p_2.5arcmin_geotiff.zip,372863843,394062867,394062867,8,2.7496345043182373,0.0002651214599609375
64617253_BinRushedcorrected.zip,413770594,518225695,518225695,8,3.551698923110962,0.009047746658325195
c73dda93_runG8_steady.zip,467019199,581370387,581370387,8,4.387799024581909,0.0006296634674072266
499e5904_Study 1_Website PDFs.zip,576829833,707387801,707387801,8,21.66472339630127,0.0021376609802246094
